Index,Type,Name,Data CCQE,MC CCQE,MC Truth
1,Double_t,eventID,1,1,1
2,Int_t,physEvtNum,1,1,0
3,Int_t,n_hyps,1,1,0
4,Int_t,processType,1,1,0
5,Int_t,primaryPart,1,1,0
6,Int_t,n_slices,1,1,0
7,Int_t,slice_numbers,1,1,0
8,Int_t,shared_slice,1,1,0
9,Double_t[4],vtx,1,1,0
10,Double_t[4],vtxErr,1,1,0
11,Double_t[4],E,1,1,0
12,Int_t,reco_vertex_batch,1,1,0
13,Bool_t,found_truth,1,1,0
14,Bool_t,phys_front_activity,1,1,0
15,Bool_t,phys_energy_in_road_upstream_is_rockmuon_consistent,1,1,0
16,Bool_t,rock_muons_removed,1,1,0
17,Bool_t,minos_track_match,1,1,0
18,Bool_t,minos_stub_match,1,1,0
19,Bool_t,unknown_helicity,1,1,0
20,Bool_t,minos_track_inside_partial_plane,1,1,0
21,Bool_t,prim_vtx_has_misassigned_track_direction,1,1,0
22,Bool_t,prim_vtx_has_broken_track,1,1,0
23,Int_t,FittedMichel_nclustermatchmichel,1,1,0
24,Int_t,ID_Hits_Post_Long,1,1,0
25,Int_t,NeutronMaxClusters,1,1,0
26,Int_t,NneutronClusters0,1,1,0
27,Int_t,NneutronClusters1,1,1,0
28,Int_t,NneutronClusters2,1,1,0
29,Int_t,NneutronClusters3,1,1,0
30,Int_t,PassNeutronMaxClusterCut,1,1,0
31,Int_t,broken_track_most_us_plane,1,1,0
32,Int_t,event_unused_start_vertices,1,1,0
33,Int_t,event_used_start_vertices,1,1,0
34,Int_t,has_interaction_vertex,1,1,0
35,Int_t,has_single_proton,1,1,0
36,Int_t,improved_nmichel,1,1,0
37,Int_t,multiplicity,1,1,0
38,Int_t,muon_fuzz_energy,1,1,0
39,Int_t,muon_is_minos_match_stub,1,1,0
40,Int_t,muon_is_minos_match_track,1,1,0
41,Int_t,n_anchored_long_trk_prongs,1,1,0
42,Int_t,n_anchored_short_trk_prongs,1,1,0
43,Int_t,n_iso_trk_prongs,1,1,0
44,Int_t,n_minos_matches,1,1,0
45,Int_t,n_muon_iso_blobs,1,1,0
46,Int_t,n_nonvtx_iso_blobs,1,1,0
47,Int_t,n_nonvtx_iso_blobs_all,1,1,0
48,Int_t,part_response_recoil_nClus,1,1,0
49,Int_t,pass_CCQENu_precuts,1,1,0
50,Int_t,phys_energy_in_road_downstream_nplanes,1,1,0
51,Int_t,phys_energy_in_road_upstream_nplanes,1,1,0
52,Int_t,phys_n_dead_discr_pair,1,1,0
53,Int_t,phys_n_dead_discr_pair_in_prim_track_region,1,1,0
54,Int_t,phys_n_dead_discr_pair_two_mod_downstream_prim_track,1,1,0
55,Int_t,phys_n_dead_discr_pair_two_mod_upstream_prim_vtx,1,1,0
56,Int_t,phys_n_dead_discr_pair_upstream_prim_track_proj,1,1,0
57,Int_t,phys_vertex_is_fiducial,1,1,0
58,Int_t,proton_prong_PDG,1,1,0
59,Int_t,proton_prong_traj_ID,1,1,0
60,Int_t,slice_n_hits,1,1,0
61,Int_t,truth_has_michel_electron,1,1,0
62,Int_t,truth_improved_michel_electron,1,1,0
63,Double_t,dis_id_energy,1,1,0
64,Double_t,energy_from_mc,1,1,0
65,Double_t,energy_from_mc_fraction,1,1,0
66,Double_t,energy_from_mc_fraction_of_highest,1,1,0
67,Double_t,muon_iso_blobs_energy,1,1,0
68,Double_t,muon_minerva_trk_chi2PerDoF,1,1,0
69,Double_t,muon_phi,1,1,0
70,Double_t,muon_theta,1,1,0
71,Double_t,muon_thetaX,1,1,0
72,Double_t,muon_thetaY,1,1,0
73,Double_t,nonvtx_iso_blobs_energy,1,1,0
74,Double_t,nonvtx_iso_blobs_energy_all,1,1,0
75,Double_t,numi_bpm1,1,1,1
76,Double_t,numi_bpm2,1,1,1
77,Double_t,numi_bpm3,1,1,1
78,Double_t,numi_bpm4,1,1,1
79,Double_t,numi_bpm5,1,1,1
80,Double_t,numi_bpm6,1,1,1
81,Double_t,numi_horn_curr,1,1,1
82,Double_t,numi_pot,1,1,1
83,Double_t,numi_tor101,1,1,1
84,Double_t,numi_tortgt,1,1,1
85,Double_t,numi_tr101d,1,1,1
86,Double_t,numi_trtgtd,1,1,1
87,Double_t,numi_x,1,1,0
88,Double_t,numi_x_width,1,1,1
89,Double_t,numi_y,1,1,0
90,Double_t,numi_y_width,1,1,1
91,Double_t,part_response_recoil_em_id,1,1,0
92,Double_t,part_response_recoil_em_id_err,1,1,0
93,Double_t,part_response_recoil_em_od,1,1,0
94,Double_t,part_response_recoil_em_od_err,1,1,0
95,Double_t,part_response_recoil_high_neutron_id,1,1,0
96,Double_t,part_response_recoil_high_neutron_id_err,1,1,0
97,Double_t,part_response_recoil_high_neutron_od,1,1,0
98,Double_t,part_response_recoil_high_neutron_od_err,1,1,0
99,Double_t,part_response_recoil_low_neutron_id,1,1,0
100,Double_t,part_response_recoil_low_neutron_id_err,1,1,0
101,Double_t,part_response_recoil_low_neutron_od,1,1,0
102,Double_t,part_response_recoil_low_neutron_od_err,1,1,0
103,Double_t,part_response_recoil_meson_id,1,1,0
104,Double_t,part_response_recoil_meson_id_err,1,1,0
105,Double_t,part_response_recoil_meson_od,1,1,0
106,Double_t,part_response_recoil_meson_od_err,1,1,0
107,Double_t,part_response_recoil_mid_neutron_id,1,1,0
108,Double_t,part_response_recoil_mid_neutron_id_err,1,1,0
109,Double_t,part_response_recoil_mid_neutron_od,1,1,0
110,Double_t,part_response_recoil_mid_neutron_od_err,1,1,0
111,Double_t,part_response_recoil_muon_id,1,1,0
112,Double_t,part_response_recoil_muon_id_err,1,1,0
113,Double_t,part_response_recoil_muon_od,1,1,0
114,Double_t,part_response_recoil_muon_od_err,1,1,0
115,Double_t,part_response_recoil_other_id,1,1,0
116,Double_t,part_response_recoil_other_id_err,1,1,0
117,Double_t,part_response_recoil_other_od,1,1,0
118,Double_t,part_response_recoil_other_od_err,1,1,0
119,Double_t,part_response_recoil_proton_id,1,1,0
120,Double_t,part_response_recoil_proton_id_err,1,1,0
121,Double_t,part_response_recoil_proton_od,1,1,0
122,Double_t,part_response_recoil_proton_od_err,1,1,0
123,Double_t,part_response_recoil_xtalk_id,1,1,0
124,Double_t,part_response_recoil_xtalk_id_err,1,1,0
125,Double_t,part_response_recoil_xtalk_od,1,1,0
126,Double_t,part_response_recoil_xtalk_od_err,1,1,0
127,Double_t,phys_energy_dispersed,1,1,0
128,Double_t,phys_energy_in_road_downstream,1,1,0
129,Double_t,phys_energy_in_road_upstream,1,1,0
130,Double_t,phys_energy_unattached,1,1,0
131,Double_t,prim_vtx_smallest_opening_angle,1,1,0
132,Double_t,proton_track_endx,1,1,0
133,Double_t,proton_track_endy,1,1,0
134,Double_t,proton_track_endz,1,1,0
135,Double_t,proton_track_length,1,1,0
136,Double_t,qsquared_recoil,1,1,0
137,Double_t,recoilE_SplineCorrected,1,1,0
138,Double_t,recoil_energy_nonmuon_nonvtx0mm,1,1,0
139,Double_t,recoil_energy_nonmuon_nonvtx100mm,1,1,0
140,Double_t,recoil_energy_nonmuon_nonvtx150mm,1,1,0
141,Double_t,recoil_energy_nonmuon_nonvtx200mm,1,1,0
142,Double_t,recoil_energy_nonmuon_nonvtx250mm,1,1,0
143,Double_t,recoil_energy_nonmuon_nonvtx300mm,1,1,0
144,Double_t,recoil_energy_nonmuon_nonvtx50mm,1,1,0
145,Double_t,recoil_energy_nonmuon_vtx0mm,1,1,0
146,Double_t,recoil_energy_nonmuon_vtx100mm,1,1,0
147,Double_t,recoil_energy_nonmuon_vtx150mm,1,1,0
148,Double_t,recoil_energy_nonmuon_vtx200mm,1,1,0
149,Double_t,recoil_energy_nonmuon_vtx250mm,1,1,0
150,Double_t,recoil_energy_nonmuon_vtx300mm,1,1,0
151,Double_t,recoil_energy_nonmuon_vtx50mm,1,1,0
152,Double_t,vtx_blobs_energy,1,1,0
153,Double_t,vtx_iso_blobs_energy_outside_radius,1,1,0
154,Int_t,FittedMichel_Uclus_clusterindex_sz,1,1,0
155,Int_t,FittedMichel_Uclus_clusterindex,1,1,0
156,Int_t,FittedMichel_Uclus_michelmatchindex_sz,1,1,0
157,Int_t,FittedMichel_Uclus_michelmatchindex,1,1,0
158,Int_t,FittedMichel_Vclus_clusterindex_sz,1,1,0
159,Int_t,FittedMichel_Vclus_clusterindex,1,1,0
160,Int_t,FittedMichel_Vclus_michelmatchindex_sz,1,1,0
161,Int_t,FittedMichel_Vclus_michelmatchindex,1,1,0
162,Int_t,FittedMichel_Xclus_clusterindex_sz,1,1,0
163,Int_t,FittedMichel_Xclus_clusterindex,1,1,0
164,Int_t,FittedMichel_Xclus_michelmatchindex_sz,1,1,0
165,Int_t,FittedMichel_Xclus_michelmatchindex,1,1,0
166,Int_t,FittedMichel_all_micheltrajectory_ParentID_sz,1,1,0
167,Int_t,FittedMichel_all_micheltrajectory_ParentID,1,1,0
168,Int_t,FittedMichel_all_micheltrajectory_ParentPDG_sz,1,1,0
169,Int_t,FittedMichel_all_micheltrajectory_ParentPDG,1,1,0
170,Int_t,FittedMichel_all_micheltrajectory_pdg_sz,1,1,0
171,Int_t,FittedMichel_all_micheltrajectory_pdg,1,1,0
172,Int_t,FittedMichel_all_micheltrajectory_trackID_sz,1,1,0
173,Int_t,FittedMichel_all_micheltrajectory_trackID,1,1,0
174,Int_t,FittedMichel_all_muontrajectory_ParentID_sz,1,1,0
175,Int_t,FittedMichel_all_muontrajectory_ParentID,1,1,0
176,Int_t,FittedMichel_all_muontrajectory_ParentPDG_sz,1,1,0
177,Int_t,FittedMichel_all_muontrajectory_ParentPDG,1,1,0
178,Int_t,FittedMichel_all_muontrajectory_pdg_sz,1,1,0
179,Int_t,FittedMichel_all_muontrajectory_pdg,1,1,0
180,Int_t,FittedMichel_all_muontrajectory_trackID_sz,1,1,0
181,Int_t,FittedMichel_all_muontrajectory_trackID,1,1,0
182,Int_t,FittedMichel_all_othertrajectory_ParentID_sz,1,1,0
183,Int_t,FittedMichel_all_othertrajectory_ParentID,1,1,0
184,Int_t,FittedMichel_all_othertrajectory_ParentPDG_sz,1,1,0
185,Int_t,FittedMichel_all_othertrajectory_ParentPDG,1,1,0
186,Int_t,FittedMichel_all_othertrajectory_pdg_sz,1,1,0
187,Int_t,FittedMichel_all_othertrajectory_pdg,1,1,0
188,Int_t,FittedMichel_all_othertrajectory_trackID_sz,1,1,0
189,Int_t,FittedMichel_all_othertrajectory_trackID,1,1,0
190,Int_t,FittedMichel_all_piontrajectory_ParentID_sz,1,1,0
191,Int_t,FittedMichel_all_piontrajectory_ParentID,1,1,0
192,Int_t,FittedMichel_all_piontrajectory_ParentPDG_sz,1,1,0
193,Int_t,FittedMichel_all_piontrajectory_ParentPDG,1,1,0
194,Int_t,FittedMichel_all_piontrajectory_pdg_sz,1,1,0
195,Int_t,FittedMichel_all_piontrajectory_pdg,1,1,0
196,Int_t,FittedMichel_all_piontrajectory_trackID_sz,1,1,0
197,Int_t,FittedMichel_all_piontrajectory_trackID,1,1,0
198,Int_t,FittedMichel_closestclusterU_endpoint_sz,1,1,0
199,Int_t,FittedMichel_closestclusterU_endpoint,1,1,0
200,Int_t,FittedMichel_closestclusterU_nclusz_sz,1,1,0
201,Int_t,FittedMichel_closestclusterU_nclusz,1,1,0
202,Int_t,FittedMichel_closestclusterV_endpoint_sz,1,1,0
203,Int_t,FittedMichel_closestclusterV_endpoint,1,1,0
204,Int_t,FittedMichel_closestclusterV_nclusz_sz,1,1,0
205,Int_t,FittedMichel_closestclusterV_nclusz,1,1,0
206,Int_t,FittedMichel_closestclusterX_endpoint_sz,1,1,0
207,Int_t,FittedMichel_closestclusterX_endpoint,1,1,0
208,Int_t,FittedMichel_closestclusterX_nclusz_sz,1,1,0
209,Int_t,FittedMichel_closestclusterX_nclusz,1,1,0
210,Int_t,FittedMichel_cluster_view_sz,1,1,0
211,Int_t,FittedMichel_cluster_view,1,1,0
212,Int_t,FittedMichel_duplicate_michelindex_sz,1,1,0
213,Int_t,FittedMichel_duplicate_michelindex,1,1,0
214,Int_t,FittedMichel_event_has_piminus_sz,1,1,0
215,Int_t,FittedMichel_event_has_piminus,1,1,0
216,Int_t,FittedMichel_event_has_piminus_decay_sz,1,1,0
217,Int_t,FittedMichel_event_has_piminus_decay,1,1,0
218,Int_t,FittedMichel_event_has_piplus_sz,1,1,0
219,Int_t,FittedMichel_event_has_piplus,1,1,0
220,Int_t,FittedMichel_event_has_piplus_decay_sz,1,1,0
221,Int_t,FittedMichel_event_has_piplus_decay,1,1,0
222,Int_t,FittedMichel_hastruemichel_sz,1,1,0
223,Int_t,FittedMichel_hastruemichel,1,1,0
224,Int_t,FittedMichel_is_cluster_mc_sz,1,1,0
225,Int_t,FittedMichel_is_cluster_mc,1,1,0
226,Int_t,FittedMichel_is_cluster_true_sz,1,1,0
227,Int_t,FittedMichel_is_cluster_true,1,1,0
228,Int_t,FittedMichel_istrueMichel_sz,1,1,0
229,Int_t,FittedMichel_istrueMichel,1,1,0
230,Int_t,FittedMichel_michel_Uclusters_sz,1,1,0
231,Int_t,FittedMichel_michel_Uclusters,1,1,0
232,Int_t,FittedMichel_michel_Vclusters_sz,1,1,0
233,Int_t,FittedMichel_michel_Vclusters,1,1,0
234,Int_t,FittedMichel_michel_Xclusters_sz,1,1,0
235,Int_t,FittedMichel_michel_Xclusters,1,1,0
236,Int_t,FittedMichel_michel_clusterindex_sz,1,1,0
237,Int_t,FittedMichel_michel_clusterindex,1,1,0
238,Int_t,FittedMichel_michel_fitPass_sz,1,1,0
239,Int_t,FittedMichel_michel_fitPass,1,1,0
240,Int_t,FittedMichel_michel_from_decay_sz,1,1,0
241,Int_t,FittedMichel_michel_from_decay,1,1,0
242,Int_t,FittedMichel_michel_from_muminus_sz,1,1,0
243,Int_t,FittedMichel_michel_from_muminus,1,1,0
244,Int_t,FittedMichel_michel_from_muplus_sz,1,1,0
245,Int_t,FittedMichel_michel_from_muplus,1,1,0
246,Int_t,FittedMichel_michel_from_piminus_sz,1,1,0
247,Int_t,FittedMichel_michel_from_piminus,1,1,0
248,Int_t,FittedMichel_michel_from_piplus_sz,1,1,0
249,Int_t,FittedMichel_michel_from_piplus,1,1,0
250,Int_t,FittedMichel_michel_from_primarypion_sz,1,1,0
251,Int_t,FittedMichel_michel_from_primarypion,1,1,0
252,Int_t,FittedMichel_michel_isoverlay_sz,1,1,0
253,Int_t,FittedMichel_michel_isoverlay,1,1,0
254,Int_t,FittedMichel_michel_parent_PDG_sz,1,1,0
255,Int_t,FittedMichel_michel_parent_PDG,1,1,0
256,Int_t,FittedMichel_michel_true_parent_sz,1,1,0
257,Int_t,FittedMichel_michel_true_parent,1,1,0
258,Int_t,FittedMichel_nmichelsmatch_sz,1,1,0
259,Int_t,FittedMichel_nmichelsmatch,1,1,0
260,Int_t,FittedMichel_reco_michel_index_sz,1,1,0
261,Int_t,FittedMichel_reco_michel_index,1,1,0
262,Int_t,FittedMichel_reco_micheltrajectory_ParentID_sz,1,1,0
263,Int_t,FittedMichel_reco_micheltrajectory_ParentID,1,1,0
264,Int_t,FittedMichel_reco_micheltrajectory_ParentPDG_sz,1,1,0
265,Int_t,FittedMichel_reco_micheltrajectory_ParentPDG,1,1,0
266,Int_t,FittedMichel_reco_micheltrajectory_pdg_sz,1,1,0
267,Int_t,FittedMichel_reco_micheltrajectory_pdg,1,1,0
268,Int_t,FittedMichel_reco_micheltrajectory_trackID_sz,1,1,0
269,Int_t,FittedMichel_reco_micheltrajectory_trackID,1,1,0
270,Int_t,FittedMichel_reco_true_michel_index_sz,1,1,0
271,Int_t,FittedMichel_reco_true_michel_index,1,1,0
272,Int_t,FittedMichel_true_a_pion_in_event_sz,1,1,0
273,Int_t,FittedMichel_true_a_pion_in_event,1,1,0
274,Int_t,FittedMichel_true_michel_pdg_sz,1,1,0
275,Int_t,FittedMichel_true_michel_pdg,1,1,0
276,Int_t,FittedMichel_true_primaryparent_pdg_sz,1,1,0
277,Int_t,FittedMichel_true_primaryparent_pdg,1,1,0
278,Int_t,FittedMichel_true_primaryparent_trackID_sz,1,1,0
279,Int_t,FittedMichel_true_primaryparent_trackID,1,1,0
280,Int_t,FittedMichel_truemichel_E_sz,1,1,0
281,Int_t,FittedMichel_truemichel_E,1,1,0
282,Int_t,FittedMichel_truemichel_z_sz,1,1,0
283,Int_t,FittedMichel_truemichel_z,1,1,0
284,Int_t,all_event_start_vertex_fv_minos_match_sz,1,1,0
285,Int_t,all_event_start_vertex_fv_minos_match,1,1,0
286,Int_t,clusters_found_at_end_proton_prong_sz,1,1,0
287,Int_t,clusters_found_at_end_proton_prong,1,1,0
288,Int_t,detmc_traj_id_vec_sz,1,1,0
289,Int_t,detmc_traj_id_vec,1,1,0
290,Int_t,detmc_traj_npoint_vec_sz,1,1,0
291,Int_t,detmc_traj_npoint_vec,1,1,0
292,Int_t,detmc_traj_pdg_vec_sz,1,1,0
293,Int_t,detmc_traj_pdg_vec,1,1,0
294,Int_t,event_in_time_vertex_types_sz,1,1,0
295,Int_t,event_in_time_vertex_types,1,1,0
296,Int_t,event_track_nhits_sz,1,1,0
297,Int_t,event_track_nhits,1,1,0
298,Int_t,event_vertex_types_sz,1,1,0
299,Int_t,event_vertex_types,1,1,0
300,Int_t,has_michel_bgmodule_sz,1,1,0
301,Int_t,has_michel_bgmodule,1,1,0
302,Int_t,has_michel_category_sz,1,1,0
303,Int_t,has_michel_category,1,1,0
304,Int_t,has_michel_edmodule_sz,1,1,0
305,Int_t,has_michel_edmodule,1,1,0
306,Int_t,has_michel_in_vertex_point_sz,1,1,0
307,Int_t,has_michel_in_vertex_point,1,1,0
308,Int_t,has_michel_matched_pdg_sz,1,1,0
309,Int_t,has_michel_matched_pdg,1,1,0
310,Int_t,has_michel_matched_primary_pdg_sz,1,1,0
311,Int_t,has_michel_matched_primary_pdg,1,1,0
312,Int_t,has_michel_ndigits_sz,1,1,0
313,Int_t,has_michel_ndigits,1,1,0
314,Int_t,has_michel_nmodules_sz,1,1,0
315,Int_t,has_michel_nmodules,1,1,0
316,Int_t,has_michel_nplanes_sz,1,1,0
317,Int_t,has_michel_nplanes,1,1,0
318,Int_t,has_michel_ntracks_sz,1,1,0
319,Int_t,has_michel_ntracks,1,1,0
320,Int_t,has_michel_slice_number_sz,1,1,0
321,Int_t,has_michel_slice_number,1,1,0
322,Int_t,has_michel_vertex_type_sz,1,1,0
323,Int_t,has_michel_vertex_type,1,1,0
324,Int_t,has_michel_view_sum_sz,1,1,0
325,Int_t,has_michel_view_sum,1,1,0
326,Int_t,improved_michel_in_vertex_point_sz,1,1,0
327,Int_t,improved_michel_in_vertex_point,1,1,0
328,Int_t,improved_michel_match_vec_sz,1,1,0
329,Int_t,improved_michel_match_vec,1,1,0
330,Int_t,improved_michel_matched_pdg_sz,1,1,0
331,Int_t,improved_michel_matched_pdg,1,1,0
332,Int_t,improved_michel_matched_primary_pdg_sz,1,1,0
333,Int_t,improved_michel_matched_primary_pdg,1,1,0
334,Int_t,improved_michel_ndigits_sz,1,1,0
335,Int_t,improved_michel_ndigits,1,1,0
336,Int_t,improved_michel_vertex_type_sz,1,1,0
337,Int_t,improved_michel_vertex_type,1,1,0
338,Int_t,improved_michel_view_vec_sz,1,1,0
339,Int_t,improved_michel_view_vec,1,1,0
340,Int_t,nonvtx_iso_blobs_good_fit_in_prong_sz,1,1,0
341,Int_t,nonvtx_iso_blobs_good_fit_in_prong,1,1,0
342,Int_t,nonvtx_iso_blobs_n_clusters_in_prong_sz,1,1,0
343,Int_t,nonvtx_iso_blobs_n_clusters_in_prong,1,1,0
344,Int_t,nonvtx_iso_blobs_n_hits_in_prong_sz,1,1,0
345,Int_t,nonvtx_iso_blobs_n_hits_in_prong,1,1,0
346,Int_t,nonvtx_iso_blobs_particle_pdg_in_prong_sz,1,1,0
347,Int_t,nonvtx_iso_blobs_particle_pdg_in_prong,1,1,0
348,Int_t,nonvtx_iso_blobs_primary_particle_pdg_in_prong_sz,1,1,0
349,Int_t,nonvtx_iso_blobs_primary_particle_pdg_in_prong,1,1,0
350,Int_t,number_clusters_at_end_proton_prong_sz,1,1,0
351,Int_t,number_clusters_at_end_proton_prong,1,1,0
352,Int_t,recoil_lower_time_limit_sz,1,1,0
353,Int_t,recoil_lower_time_limit,1,1,0
354,Int_t,recoil_upper_time_limit_sz,1,1,0
355,Int_t,recoil_upper_time_limit,1,1,0
356,Int_t,sec_protons_prong_PDG_sz,1,1,0
357,Int_t,sec_protons_prong_PDG,1,1,0
358,Int_t,sec_protons_prong_traj_ID_sz,1,1,0
359,Int_t,sec_protons_prong_traj_ID,1,1,0
360,Int_t,FittedMichel_all_micheltrajectory_energy_sz,1,1,0
361,Double_t,FittedMichel_all_micheltrajectory_energy,1,1,0
362,Int_t,FittedMichel_all_micheltrajectory_finalx_sz,1,1,0
363,Double_t,FittedMichel_all_micheltrajectory_finalx,1,1,0
364,Int_t,FittedMichel_all_micheltrajectory_finaly_sz,1,1,0
365,Double_t,FittedMichel_all_micheltrajectory_finaly,1,1,0
366,Int_t,FittedMichel_all_micheltrajectory_finalz_sz,1,1,0
367,Double_t,FittedMichel_all_micheltrajectory_finalz,1,1,0
368,Int_t,FittedMichel_all_micheltrajectory_momentum_sz,1,1,0
369,Double_t,FittedMichel_all_micheltrajectory_momentum,1,1,0
370,Int_t,FittedMichel_all_micheltrajectory_momentumx_sz,1,1,0
371,Double_t,FittedMichel_all_micheltrajectory_momentumx,1,1,0
372,Int_t,FittedMichel_all_micheltrajectory_momentumy_sz,1,1,0
373,Double_t,FittedMichel_all_micheltrajectory_momentumy,1,1,0
374,Int_t,FittedMichel_all_micheltrajectory_momentumz_sz,1,1,0
375,Double_t,FittedMichel_all_micheltrajectory_momentumz,1,1,0
376,Int_t,FittedMichel_all_muontrajectory_energy_sz,1,1,0
377,Double_t,FittedMichel_all_muontrajectory_energy,1,1,0
378,Int_t,FittedMichel_all_muontrajectory_finalx_sz,1,1,0
379,Double_t,FittedMichel_all_muontrajectory_finalx,1,1,0
380,Int_t,FittedMichel_all_muontrajectory_finaly_sz,1,1,0
381,Double_t,FittedMichel_all_muontrajectory_finaly,1,1,0
382,Int_t,FittedMichel_all_muontrajectory_finalz_sz,1,1,0
383,Double_t,FittedMichel_all_muontrajectory_finalz,1,1,0
384,Int_t,FittedMichel_all_muontrajectory_momentum_sz,1,1,0
385,Double_t,FittedMichel_all_muontrajectory_momentum,1,1,0
386,Int_t,FittedMichel_all_muontrajectory_momentumx_sz,1,1,0
387,Double_t,FittedMichel_all_muontrajectory_momentumx,1,1,0
388,Int_t,FittedMichel_all_muontrajectory_momentumy_sz,1,1,0
389,Double_t,FittedMichel_all_muontrajectory_momentumy,1,1,0
390,Int_t,FittedMichel_all_muontrajectory_momentumz_sz,1,1,0
391,Double_t,FittedMichel_all_muontrajectory_momentumz,1,1,0
392,Int_t,FittedMichel_all_othertrajectory_energy_sz,1,1,0
393,Double_t,FittedMichel_all_othertrajectory_energy,1,1,0
394,Int_t,FittedMichel_all_othertrajectory_finalx_sz,1,1,0
395,Double_t,FittedMichel_all_othertrajectory_finalx,1,1,0
396,Int_t,FittedMichel_all_othertrajectory_finaly_sz,1,1,0
397,Double_t,FittedMichel_all_othertrajectory_finaly,1,1,0
398,Int_t,FittedMichel_all_othertrajectory_finalz_sz,1,1,0
399,Double_t,FittedMichel_all_othertrajectory_finalz,1,1,0
400,Int_t,FittedMichel_all_othertrajectory_momentum_sz,1,1,0
401,Double_t,FittedMichel_all_othertrajectory_momentum,1,1,0
402,Int_t,FittedMichel_all_othertrajectory_momentumx_sz,1,1,0
403,Double_t,FittedMichel_all_othertrajectory_momentumx,1,1,0
404,Int_t,FittedMichel_all_othertrajectory_momentumy_sz,1,1,0
405,Double_t,FittedMichel_all_othertrajectory_momentumy,1,1,0
406,Int_t,FittedMichel_all_othertrajectory_momentumz_sz,1,1,0
407,Double_t,FittedMichel_all_othertrajectory_momentumz,1,1,0
408,Int_t,FittedMichel_all_piontrajectory_energy_sz,1,1,0
409,Double_t,FittedMichel_all_piontrajectory_energy,1,1,0
410,Int_t,FittedMichel_all_piontrajectory_finalx_sz,1,1,0
411,Double_t,FittedMichel_all_piontrajectory_finalx,1,1,0
412,Int_t,FittedMichel_all_piontrajectory_finaly_sz,1,1,0
413,Double_t,FittedMichel_all_piontrajectory_finaly,1,1,0
414,Int_t,FittedMichel_all_piontrajectory_finalz_sz,1,1,0
415,Double_t,FittedMichel_all_piontrajectory_finalz,1,1,0
416,Int_t,FittedMichel_all_piontrajectory_momentum_sz,1,1,0
417,Double_t,FittedMichel_all_piontrajectory_momentum,1,1,0
418,Int_t,FittedMichel_all_piontrajectory_momentumx_sz,1,1,0
419,Double_t,FittedMichel_all_piontrajectory_momentumx,1,1,0
420,Int_t,FittedMichel_all_piontrajectory_momentumy_sz,1,1,0
421,Double_t,FittedMichel_all_piontrajectory_momentumy,1,1,0
422,Int_t,FittedMichel_all_piontrajectory_momentumz_sz,1,1,0
423,Double_t,FittedMichel_all_piontrajectory_momentumz,1,1,0
424,Int_t,FittedMichel_closestclusterUZ_distance_sz,1,1,0
425,Double_t,FittedMichel_closestclusterUZ_distance,1,1,0
426,Int_t,FittedMichel_closestclusterU_Z_pos_sz,1,1,0
427,Double_t,FittedMichel_closestclusterU_Z_pos,1,1,0
428,Int_t,FittedMichel_closestclusterU_clustime_sz,1,1,0
429,Double_t,FittedMichel_closestclusterU_clustime,1,1,0
430,Int_t,FittedMichel_closestclusterU_distance_sz,1,1,0
431,Double_t,FittedMichel_closestclusterU_distance,1,1,0
432,Int_t,FittedMichel_closestclusterU_energy_sz,1,1,0
433,Double_t,FittedMichel_closestclusterU_energy,1,1,0
434,Int_t,FittedMichel_closestclusterU_pos_sz,1,1,0
435,Double_t,FittedMichel_closestclusterU_pos,1,1,0
436,Int_t,FittedMichel_closestclusterU_time_sz,1,1,0
437,Double_t,FittedMichel_closestclusterU_time,1,1,0
438,Int_t,FittedMichel_closestclusterU_zdist_sz,1,1,0
439,Double_t,FittedMichel_closestclusterU_zdist,1,1,0
440,Int_t,FittedMichel_closestclusterVZ_distance_sz,1,1,0
441,Double_t,FittedMichel_closestclusterVZ_distance,1,1,0
442,Int_t,FittedMichel_closestclusterV_Z_pos_sz,1,1,0
443,Double_t,FittedMichel_closestclusterV_Z_pos,1,1,0
444,Int_t,FittedMichel_closestclusterV_clustime_sz,1,1,0
445,Double_t,FittedMichel_closestclusterV_clustime,1,1,0
446,Int_t,FittedMichel_closestclusterV_distance_sz,1,1,0
447,Double_t,FittedMichel_closestclusterV_distance,1,1,0
448,Int_t,FittedMichel_closestclusterV_energy_sz,1,1,0
449,Double_t,FittedMichel_closestclusterV_energy,1,1,0
450,Int_t,FittedMichel_closestclusterV_pos_sz,1,1,0
451,Double_t,FittedMichel_closestclusterV_pos,1,1,0
452,Int_t,FittedMichel_closestclusterV_time_sz,1,1,0
453,Double_t,FittedMichel_closestclusterV_time,1,1,0
454,Int_t,FittedMichel_closestclusterV_zdist_sz,1,1,0
455,Double_t,FittedMichel_closestclusterV_zdist,1,1,0
456,Int_t,FittedMichel_closestclusterXZ_distance_sz,1,1,0
457,Double_t,FittedMichel_closestclusterXZ_distance,1,1,0
458,Int_t,FittedMichel_closestclusterX_Z_pos_sz,1,1,0
459,Double_t,FittedMichel_closestclusterX_Z_pos,1,1,0
460,Int_t,FittedMichel_closestclusterX_clustime_sz,1,1,0
461,Double_t,FittedMichel_closestclusterX_clustime,1,1,0
462,Int_t,FittedMichel_closestclusterX_distance_sz,1,1,0
463,Double_t,FittedMichel_closestclusterX_distance,1,1,0
464,Int_t,FittedMichel_closestclusterX_energy_sz,1,1,0
465,Double_t,FittedMichel_closestclusterX_energy,1,1,0
466,Int_t,FittedMichel_closestclusterX_pos_sz,1,1,0
467,Double_t,FittedMichel_closestclusterX_pos,1,1,0
468,Int_t,FittedMichel_closestclusterX_time_sz,1,1,0
469,Double_t,FittedMichel_closestclusterX_time,1,1,0
470,Int_t,FittedMichel_closestclusterX_zdist_sz,1,1,0
471,Double_t,FittedMichel_closestclusterX_zdist,1,1,0
472,Int_t,FittedMichel_cluster_energy_sz,1,1,0
473,Double_t,FittedMichel_cluster_energy,1,1,0
474,Int_t,FittedMichel_cluster_pos_sz,1,1,0
475,Double_t,FittedMichel_cluster_pos,1,1,0
476,Int_t,FittedMichel_cluster_time_sz,1,1,0
477,Double_t,FittedMichel_cluster_time,1,1,0
478,Int_t,FittedMichel_cluster_z_sz,1,1,0
479,Double_t,FittedMichel_cluster_z,1,1,0
480,Int_t,FittedMichel_michel_allmichelenergy_sz,1,1,0
481,Double_t,FittedMichel_michel_allmichelenergy,1,1,0
482,Int_t,FittedMichel_michel_datafraction_sz,1,1,0
483,Double_t,FittedMichel_michel_datafraction,1,1,0
484,Int_t,FittedMichel_michel_energy_sz,1,1,0
485,Double_t,FittedMichel_michel_energy,1,1,0
486,Int_t,FittedMichel_michel_maxmeandiff_sz,1,1,0
487,Double_t,FittedMichel_michel_maxmeandiff,1,1,0
488,Int_t,FittedMichel_michel_recotruetime_sz,1,1,0
489,Double_t,FittedMichel_michel_recotruetime,1,1,0
490,Int_t,FittedMichel_michel_time_sz,1,1,0
491,Double_t,FittedMichel_michel_time,1,1,0
492,Int_t,FittedMichel_michel_truetime_sz,1,1,0
493,Double_t,FittedMichel_michel_truetime,1,1,0
494,Int_t,FittedMichel_michel_u1_sz,1,1,0
495,Double_t,FittedMichel_michel_u1,1,1,0
496,Int_t,FittedMichel_michel_u2_sz,1,1,0
497,Double_t,FittedMichel_michel_u2,1,1,0
498,Int_t,FittedMichel_michel_v1_sz,1,1,0
499,Double_t,FittedMichel_michel_v1,1,1,0
500,Int_t,FittedMichel_michel_v2_sz,1,1,0
501,Double_t,FittedMichel_michel_v2,1,1,0
502,Int_t,FittedMichel_michel_x1_sz,1,1,0
503,Double_t,FittedMichel_michel_x1,1,1,0
504,Int_t,FittedMichel_michel_x2_sz,1,1,0
505,Double_t,FittedMichel_michel_x2,1,1,0
506,Int_t,FittedMichel_michel_z1_sz,1,1,0
507,Double_t,FittedMichel_michel_z1,1,1,0
508,Int_t,FittedMichel_michel_z2_sz,1,1,0
509,Double_t,FittedMichel_michel_z2,1,1,0
510,Int_t,FittedMichel_reco_micheltrajectory_energy_sz,1,1,0
511,Double_t,FittedMichel_reco_micheltrajectory_energy,1,1,0
512,Int_t,FittedMichel_reco_micheltrajectory_finalx_sz,1,1,0
513,Double_t,FittedMichel_reco_micheltrajectory_finalx,1,1,0
514,Int_t,FittedMichel_reco_micheltrajectory_finaly_sz,1,1,0
515,Double_t,FittedMichel_reco_micheltrajectory_finaly,1,1,0
516,Int_t,FittedMichel_reco_micheltrajectory_finalz_sz,1,1,0
517,Double_t,FittedMichel_reco_micheltrajectory_finalz,1,1,0
518,Int_t,FittedMichel_reco_micheltrajectory_momentum_sz,1,1,0
519,Double_t,FittedMichel_reco_micheltrajectory_momentum,1,1,0
520,Int_t,FittedMichel_reco_micheltrajectory_momentumx_sz,1,1,0
521,Double_t,FittedMichel_reco_micheltrajectory_momentumx,1,1,0
522,Int_t,FittedMichel_reco_micheltrajectory_momentumy_sz,1,1,0
523,Double_t,FittedMichel_reco_micheltrajectory_momentumy,1,1,0
524,Int_t,FittedMichel_reco_micheltrajectory_momentumz_sz,1,1,0
525,Double_t,FittedMichel_reco_micheltrajectory_momentumz,1,1,0
526,Int_t,FittedMichel_true_primaryparent_energy_sz,1,1,0
527,Double_t,FittedMichel_true_primaryparent_energy,1,1,0
528,Int_t,FittedMichel_true_primaryparent_finalx_sz,1,1,0
529,Double_t,FittedMichel_true_primaryparent_finalx,1,1,0
530,Int_t,FittedMichel_true_primaryparent_finaly_sz,1,1,0
531,Double_t,FittedMichel_true_primaryparent_finaly,1,1,0
532,Int_t,FittedMichel_true_primaryparent_finalz_sz,1,1,0
533,Double_t,FittedMichel_true_primaryparent_finalz,1,1,0
534,Int_t,FittedMichel_true_primaryparent_momentum_sz,1,1,0
535,Double_t,FittedMichel_true_primaryparent_momentum,1,1,0
536,Int_t,FittedMichel_true_primaryparent_momentumx_sz,1,1,0
537,Double_t,FittedMichel_true_primaryparent_momentumx,1,1,0
538,Int_t,FittedMichel_true_primaryparent_momentumy_sz,1,1,0
539,Double_t,FittedMichel_true_primaryparent_momentumy,1,1,0
540,Int_t,FittedMichel_true_primaryparent_momentumz_sz,1,1,0
541,Double_t,FittedMichel_true_primaryparent_momentumz,1,1,0
542,Int_t,all_event_start_vertex_time_sz,1,1,0
543,Double_t,all_event_start_vertex_time,1,1,0
544,Int_t,all_event_start_vertex_time_minos_match_sz,1,1,0
545,Double_t,all_event_start_vertex_time_minos_match,1,1,0
546,Int_t,calibE_clusters_at_end_proton_prong_sz,1,1,0
547,Double_t,calibE_clusters_at_end_proton_prong,1,1,0
548,Int_t,clusters_found_at_end_proton_prong_max_distance_sz,1,1,0
549,Double_t,clusters_found_at_end_proton_prong_max_distance,1,1,0
550,Int_t,detmc_traj_endpointk_vec_sz,1,1,0
551,Double_t,detmc_traj_endpointk_vec,1,1,0
552,Int_t,detmc_traj_k0_vec_sz,1,1,0
553,Double_t,detmc_traj_k0_vec,1,1,0
554,Int_t,event_extra_track_PID_sz,1,1,0
555,Double_t,event_extra_track_PID,1,1,0
556,Int_t,event_in_time_tracks_energy_sz,1,1,0
557,Double_t,event_in_time_tracks_energy,1,1,0
558,Int_t,event_track_hit_energy_sz,1,1,0
559,Double_t,event_track_hit_energy,1,1,0
560,Int_t,event_track_hit_time_sz,1,1,0
561,Double_t,event_track_hit_time,1,1,0
562,Int_t,event_track_time_diff_sz,1,1,0
563,Double_t,event_track_time_diff,1,1,0
564,Int_t,event_tracks_energy_sz,1,1,0
565,Double_t,event_tracks_energy,1,1,0
566,Int_t,event_vertex_time_diff_sz,1,1,0
567,Double_t,event_vertex_time_diff,1,1,0
568,Int_t,has_michel_data_energy_fraction_sz,1,1,0
569,Double_t,has_michel_data_energy_fraction,1,1,0
570,Int_t,has_michel_distance_sz,1,1,0
571,Double_t,has_michel_distance,1,1,0
572,Int_t,has_michel_energy_sz,1,1,0
573,Double_t,has_michel_energy,1,1,0
574,Int_t,has_michel_hit_charges_sz,1,1,0
575,Double_t,has_michel_hit_charges,1,1,0
576,Int_t,has_michel_hit_time_diff_cluster_sz,1,1,0
577,Double_t,has_michel_hit_time_diff_cluster,1,1,0
578,Int_t,has_michel_hit_time_diff_vtx_sz,1,1,0
579,Double_t,has_michel_hit_time_diff_vtx,1,1,0
580,Int_t,has_michel_hit_times_sz,1,1,0
581,Double_t,has_michel_hit_times,1,1,0
582,Int_t,has_michel_matched_energy_fraction_sz,1,1,0
583,Double_t,has_michel_matched_energy_fraction,1,1,0
584,Int_t,has_michel_slice_energy_sz,1,1,0
585,Double_t,has_michel_slice_energy,1,1,0
586,Int_t,has_michel_time_diff_sz,1,1,0
587,Double_t,has_michel_time_diff,1,1,0
588,Int_t,improved_michel_data_energy_fraction_sz,1,1,0
589,Double_t,improved_michel_data_energy_fraction,1,1,0
590,Int_t,improved_michel_dist_vec_sz,1,1,0
591,Double_t,improved_michel_dist_vec,1,1,0
592,Int_t,improved_michel_ecalo_vec_sz,1,1,0
593,Double_t,improved_michel_ecalo_vec,1,1,0
594,Int_t,improved_michel_evis_vec_sz,1,1,0
595,Double_t,improved_michel_evis_vec,1,1,0
596,Int_t,improved_michel_hit_charges_sz,1,1,0
597,Double_t,improved_michel_hit_charges,1,1,0
598,Int_t,improved_michel_hit_time_diff_cluster_sz,1,1,0
599,Double_t,improved_michel_hit_time_diff_cluster,1,1,0
600,Int_t,improved_michel_hit_time_diff_vtx_sz,1,1,0
601,Double_t,improved_michel_hit_time_diff_vtx,1,1,0
602,Int_t,improved_michel_hit_times_sz,1,1,0
603,Double_t,improved_michel_hit_times,1,1,0
604,Int_t,improved_michel_matched_energy_fraction_sz,1,1,0
605,Double_t,improved_michel_matched_energy_fraction,1,1,0
606,Int_t,improved_michel_tdiff_vec_sz,1,1,0
607,Double_t,improved_michel_tdiff_vec,1,1,0
608,Int_t,improved_michel_tvec_sz,1,1,0
609,Double_t,improved_michel_tvec,1,1,0
610,Int_t,improved_michel_uvec_sz,1,1,0
611,Double_t,improved_michel_uvec,1,1,0
612,Int_t,improved_michel_vvec_sz,1,1,0
613,Double_t,improved_michel_vvec,1,1,0
614,Int_t,improved_michel_xvec_sz,1,1,0
615,Double_t,improved_michel_xvec,1,1,0
616,Int_t,improved_michel_yvec_sz,1,1,0
617,Double_t,improved_michel_yvec,1,1,0
618,Int_t,improved_michel_zvec_sz,1,1,0
619,Double_t,improved_michel_zvec,1,1,0
620,Int_t,muon_thetaX_allNodes_sz,1,1,0
621,Double_t,muon_thetaX_allNodes,1,1,0
622,Int_t,muon_thetaY_allNodes_sz,1,1,0
623,Double_t,muon_thetaY_allNodes,1,1,0
624,Int_t,muon_theta_allNodes_sz,1,1,0
625,Double_t,muon_theta_allNodes,1,1,0
626,Int_t,nonvtx_iso_blobs_closer_endpoint_u_in_prong_sz,1,1,0
627,Double_t,nonvtx_iso_blobs_closer_endpoint_u_in_prong,1,1,0
628,Int_t,nonvtx_iso_blobs_closer_endpoint_v_in_prong_sz,1,1,0
629,Double_t,nonvtx_iso_blobs_closer_endpoint_v_in_prong,1,1,0
630,Int_t,nonvtx_iso_blobs_closer_endpoint_x_in_prong_sz,1,1,0
631,Double_t,nonvtx_iso_blobs_closer_endpoint_x_in_prong,1,1,0
632,Int_t,nonvtx_iso_blobs_closer_endpoint_y_in_prong_sz,1,1,0
633,Double_t,nonvtx_iso_blobs_closer_endpoint_y_in_prong,1,1,0
634,Int_t,nonvtx_iso_blobs_closer_endpoint_z_in_prong_sz,1,1,0
635,Double_t,nonvtx_iso_blobs_closer_endpoint_z_in_prong,1,1,0
636,Int_t,nonvtx_iso_blobs_data_energy_fraction_in_prong_sz,1,1,0
637,Double_t,nonvtx_iso_blobs_data_energy_fraction_in_prong,1,1,0
638,Int_t,nonvtx_iso_blobs_distance_in_prong_sz,1,1,0
639,Double_t,nonvtx_iso_blobs_distance_in_prong,1,1,0
640,Int_t,nonvtx_iso_blobs_earliest_hit_time_in_prong_sz,1,1,0
641,Double_t,nonvtx_iso_blobs_earliest_hit_time_in_prong,1,1,0
642,Int_t,nonvtx_iso_blobs_energy_in_prong_sz,1,1,0
643,Double_t,nonvtx_iso_blobs_energy_in_prong,1,1,0
644,Int_t,nonvtx_iso_blobs_farther_endpoint_u_in_prong_sz,1,1,0
645,Double_t,nonvtx_iso_blobs_farther_endpoint_u_in_prong,1,1,0
646,Int_t,nonvtx_iso_blobs_farther_endpoint_v_in_prong_sz,1,1,0
647,Double_t,nonvtx_iso_blobs_farther_endpoint_v_in_prong,1,1,0
648,Int_t,nonvtx_iso_blobs_farther_endpoint_x_in_prong_sz,1,1,0
649,Double_t,nonvtx_iso_blobs_farther_endpoint_x_in_prong,1,1,0
650,Int_t,nonvtx_iso_blobs_farther_endpoint_y_in_prong_sz,1,1,0
651,Double_t,nonvtx_iso_blobs_farther_endpoint_y_in_prong,1,1,0
652,Int_t,nonvtx_iso_blobs_farther_endpoint_z_in_prong_sz,1,1,0
653,Double_t,nonvtx_iso_blobs_farther_endpoint_z_in_prong,1,1,0
654,Int_t,nonvtx_iso_blobs_highest_hit_energy_in_prong_sz,1,1,0
655,Double_t,nonvtx_iso_blobs_highest_hit_energy_in_prong,1,1,0
656,Int_t,nonvtx_iso_blobs_highest_module_u_in_prong_sz,1,1,0
657,Double_t,nonvtx_iso_blobs_highest_module_u_in_prong,1,1,0
658,Int_t,nonvtx_iso_blobs_highest_module_v_in_prong_sz,1,1,0
659,Double_t,nonvtx_iso_blobs_highest_module_v_in_prong,1,1,0
660,Int_t,nonvtx_iso_blobs_highest_module_x_in_prong_sz,1,1,0
661,Double_t,nonvtx_iso_blobs_highest_module_x_in_prong,1,1,0
662,Int_t,nonvtx_iso_blobs_intercept_in_prong_sz,1,1,0
663,Double_t,nonvtx_iso_blobs_intercept_in_prong,1,1,0
664,Int_t,nonvtx_iso_blobs_latest_hit_time_in_prong_sz,1,1,0
665,Double_t,nonvtx_iso_blobs_latest_hit_time_in_prong,1,1,0
666,Int_t,nonvtx_iso_blobs_lowest_module_u_in_prong_sz,1,1,0
667,Double_t,nonvtx_iso_blobs_lowest_module_u_in_prong,1,1,0
668,Int_t,nonvtx_iso_blobs_lowest_module_v_in_prong_sz,1,1,0
669,Double_t,nonvtx_iso_blobs_lowest_module_v_in_prong,1,1,0
670,Int_t,nonvtx_iso_blobs_lowest_module_x_in_prong_sz,1,1,0
671,Double_t,nonvtx_iso_blobs_lowest_module_x_in_prong,1,1,0
672,Int_t,nonvtx_iso_blobs_matched_energy_fraction_in_prong_sz,1,1,0
673,Double_t,nonvtx_iso_blobs_matched_energy_fraction_in_prong,1,1,0
674,Int_t,nonvtx_iso_blobs_slope_in_prong_sz,1,1,0
675,Double_t,nonvtx_iso_blobs_slope_in_prong,1,1,0
676,Int_t,nonvtx_iso_blobs_start_position_x_in_prong_sz,1,1,0
677,Double_t,nonvtx_iso_blobs_start_position_x_in_prong,1,1,0
678,Int_t,nonvtx_iso_blobs_start_position_y_in_prong_sz,1,1,0
679,Double_t,nonvtx_iso_blobs_start_position_y_in_prong,1,1,0
680,Int_t,nonvtx_iso_blobs_start_position_z_in_prong_sz,1,1,0
681,Double_t,nonvtx_iso_blobs_start_position_z_in_prong,1,1,0
682,Int_t,nonvtx_iso_blobs_time_difference_in_prong_sz,1,1,0
683,Double_t,nonvtx_iso_blobs_time_difference_in_prong,1,1,0
684,Int_t,nonvtx_iso_blobs_time_in_prong_sz,1,1,0
685,Double_t,nonvtx_iso_blobs_time_in_prong,1,1,0
686,Int_t,prong_llr_score_vec_sz,1,1,0
687,Double_t,prong_llr_score_vec,1,1,0
688,Double_t[4],proton_prong_4p,1,1,0
689,Double_t[4],proton_prong_tpos,1,1,0
690,Int_t,proton_prong_tpos_t_sz,1,1,0
691,Double_t,proton_prong_tpos_t,1,1,0
692,Int_t,proton_prong_tpos_x_sz,1,1,0
693,Double_t,proton_prong_tpos_x,1,1,0
694,Int_t,proton_prong_tpos_y_sz,1,1,0
695,Double_t,proton_prong_tpos_y,1,1,0
696,Int_t,proton_prong_tpos_z_sz,1,1,0
697,Double_t,proton_prong_tpos_z,1,1,0
698,Int_t,recoil_centroid_position_sz,1,1,0
699,Double_t,recoil_centroid_position,1,1,0
700,Int_t,recoil_data_fraction_sz,1,1,0
701,Double_t,recoil_data_fraction,1,1,0
702,Int_t,recoil_summed_energy_sz,1,1,0
703,Double_t,recoil_summed_energy,1,1,0
704,Int_t,recoil_summed_energy_edge_sz,1,1,0
705,Double_t,recoil_summed_energy_edge,1,1,0
706,Int_t,seco_protons_prong_4p_E_sz,1,1,0
707,Double_t,seco_protons_prong_4p_E,1,1,0
708,Int_t,seco_protons_prong_4p_px_sz,1,1,0
709,Double_t,seco_protons_prong_4p_px,1,1,0
710,Int_t,seco_protons_prong_4p_py_sz,1,1,0
711,Double_t,seco_protons_prong_4p_py,1,1,0
712,Int_t,seco_protons_prong_4p_pz_sz,1,1,0
713,Double_t,seco_protons_prong_4p_pz,1,1,0
714,Int_t,slice_hit_energy_sz,1,1,0
715,Double_t,slice_hit_energy,1,1,0
716,Int_t,slice_hit_time_sz,1,1,0
717,Double_t,slice_hit_time,1,1,0
718,Int_t,truth_has_michel_from_pion_minus_momentum_sz,1,1,0
719,Double_t,truth_has_michel_from_pion_minus_momentum,1,1,0
720,Int_t,truth_has_michel_from_pion_plus_momentum_sz,1,1,0
721,Double_t,truth_has_michel_from_pion_plus_momentum,1,1,0
722,Int_t,visE_clusters_at_end_proton_prong_sz,1,1,0
723,Double_t,visE_clusters_at_end_proton_prong,1,1,0
724,Int_t,vtx_blobs_iso_distance_in_prong_sz,1,1,0
725,Double_t,vtx_blobs_iso_distance_in_prong,1,1,0
726,Int_t,vtx_blobs_iso_energy_clusters_outside_radius_in_prong_sz,1,1,0
727,Double_t,vtx_blobs_iso_energy_clusters_outside_radius_in_prong,1,1,0
728,Int_t,vtx_blobs_iso_energy_in_prong_sz,1,1,0
729,Double_t,vtx_blobs_iso_energy_in_prong,1,1,0
730,Int_t,vtx_blobs_vtx_distance_in_prong_sz,1,1,0
731,Double_t,vtx_blobs_vtx_distance_in_prong,1,1,0
732,Int_t,vtx_blobs_vtx_energy_in_prong_sz,1,1,0
733,Double_t,vtx_blobs_vtx_energy_in_prong,1,1,0
734,Bool_t,truth_has_physics_event,0,1,1
735,Bool_t,truth_is_fiducial,0,1,1
736,Int_t,truth_hadronReweightNPaths,0,1,1
737,Int_t,truth_hadronReweightNPoints,0,1,1
738,Int_t,truth_reco_has_michel_electron,0,1,1
739,Int_t,truth_reco_has_muon_charge,0,1,1
740,Int_t,truth_reco_has_single_proton,0,1,1
741,Int_t,truth_reco_is_fiducial,0,1,1
742,Int_t,truth_reco_is_minos_match,0,1,1
743,Int_t,truth_reco_muon_is_minos_match_stub,0,1,1
744,Int_t,truth_reco_muon_is_minos_match_track,0,1,1
745,Int_t,truth_reco_pass_CCQENu_precuts,0,1,1
746,Int_t,truth_hadronReweightID_sz,0,1,1
747,Int_t,truth_hadronReweightID,0,1,1
748,Int_t,truth_hadronReweightIntCode_sz,0,1,1
749,Int_t,truth_hadronReweightIntCode,0,1,1
750,Int_t,truth_hadronReweightIntCodePerSegment_sz,0,1,1
751,Int_t,truth_hadronReweightIntCodePerSegment,0,1,1
752,Int_t,truth_hadronReweightNTrajPoints_sz,0,1,1
753,Int_t,truth_hadronReweightNTrajPoints,0,1,1
754,Int_t,truth_hadronReweightNTrajPointsSaved_sz,0,1,1
755,Int_t,truth_hadronReweightNTrajPointsSaved,0,1,1
756,Int_t,truth_hadronReweightNuke_sz,0,1,1
757,Int_t,truth_hadronReweightNuke,0,1,1
758,Int_t,truth_hadronReweightPDG_sz,0,1,1
759,Int_t,truth_hadronReweightPDG,0,1,1
760,Int_t,truth_hadronReweightParentID_sz,0,1,1
761,Int_t,truth_hadronReweightParentID,0,1,1
762,Int_t,truth_hadronReweightTrackID_sz,0,1,1
763,Int_t,truth_hadronReweightTrackID,0,1,1
764,Int_t,truth_hadronReweightTrajPointFlag_sz,0,1,1
765,Int_t,truth_hadronReweightTrajPointFlag,0,1,1
766,Int_t,genie_wgt_n_shifts,0,1,1
767,Double_t,truth_genie_wgt_AGKYxF1pi,0,1,1
768,Double_t,truth_genie_wgt_AhtBY,0,1,1
769,Double_t,truth_genie_wgt_BhtBY,0,1,1
770,Double_t,truth_genie_wgt_CCQEPauliSupViaKF,0,1,1
771,Double_t,truth_genie_wgt_CV1uBY,0,1,1
772,Double_t,truth_genie_wgt_CV2uBY,0,1,1
773,Double_t,truth_genie_wgt_EtaNCEL,0,1,1
774,Double_t,truth_genie_wgt_FrAbs_N,0,1,1
775,Double_t,truth_genie_wgt_FrAbs_pi,0,1,1
776,Double_t,truth_genie_wgt_FrCEx_N,0,1,1
777,Double_t,truth_genie_wgt_FrCEx_pi,0,1,1
778,Double_t,truth_genie_wgt_FrElas_N,0,1,1
779,Double_t,truth_genie_wgt_FrElas_pi,0,1,1
780,Double_t,truth_genie_wgt_FrInel_N,0,1,1
781,Double_t,truth_genie_wgt_FrInel_pi,0,1,1
782,Double_t,truth_genie_wgt_FrPiProd_N,0,1,1
783,Double_t,truth_genie_wgt_FrPiProd_pi,0,1,1
784,Double_t,truth_genie_wgt_MFP_N,0,1,1
785,Double_t,truth_genie_wgt_MFP_pi,0,1,1
786,Double_t,truth_genie_wgt_MaCCQE,0,1,1
787,Double_t,truth_genie_wgt_MaCCQEshape,0,1,1
788,Double_t,truth_genie_wgt_MaNCEL,0,1,1
789,Double_t,truth_genie_wgt_MaRES,0,1,1
790,Double_t,truth_genie_wgt_MvRES,0,1,1
791,Double_t,truth_genie_wgt_NormCCQE,0,1,1
792,Double_t,truth_genie_wgt_NormCCRES,0,1,1
793,Double_t,truth_genie_wgt_NormDISCC,0,1,1
794,Double_t,truth_genie_wgt_NormNCRES,0,1,1
795,Double_t,truth_genie_wgt_RDecBR1gamma,0,1,1
796,Double_t,truth_genie_wgt_Rvn1pi,0,1,1
797,Double_t,truth_genie_wgt_Rvn2pi,0,1,1
798,Double_t,truth_genie_wgt_Rvp1pi,0,1,1
799,Double_t,truth_genie_wgt_Rvp2pi,0,1,1
800,Double_t,truth_genie_wgt_Theta_Delta2Npi,0,1,1
801,Double_t,truth_genie_wgt_VecFFCCQEshape,0,1,1
802,Double_t,truth_genie_wgt_shifts,0,1,1
803,Int_t,truth_hadronReweightColumnarDensity_sz,0,1,1
804,Double_t,truth_hadronReweightColumnarDensity,0,1,1
805,Int_t,truth_hadronReweightFinalE_sz,0,1,1
806,Double_t,truth_hadronReweightFinalE,0,1,1
807,Int_t,truth_hadronReweightFinalSigmaE_sz,0,1,1
808,Double_t,truth_hadronReweightFinalSigmaE,0,1,1
809,Int_t,truth_hadronReweightInitialE_sz,0,1,1
810,Double_t,truth_hadronReweightInitialE,0,1,1
811,Int_t,truth_hadronReweightInitialSigmaE_sz,0,1,1
812,Double_t,truth_hadronReweightInitialSigmaE,0,1,1
813,Int_t,truth_hadronReweightPosX_sz,0,1,1
814,Double_t,truth_hadronReweightPosX,0,1,1
815,Int_t,truth_hadronReweightPosY_sz,0,1,1
816,Double_t,truth_hadronReweightPosY,0,1,1
817,Int_t,truth_hadronReweightPosZ_sz,0,1,1
818,Double_t,truth_hadronReweightPosZ,0,1,1
819,Int_t,truth_hadronReweightTimeDelta_sz,0,1,1
820,Double_t,truth_hadronReweightTimeDelta,0,1,1
821,Int_t,CCQENu_nuFlavor,1,1,0
822,Int_t,CCQENu_nuHelicity,1,1,0
823,Int_t,CCQENu_intCurrent,1,1,0
824,Int_t,CCQENu_intType,1,1,0
825,Double_t,CCQENu_E,1,1,0
826,Double_t,CCQENu_Q2,1,1,0
827,Double_t,CCQENu_x,1,1,0
828,Double_t,CCQENu_y,1,1,0
829,Double_t,CCQENu_W,1,1,0
830,Double_t,CCQENu_score,1,1,0
831,Double_t[4],CCQENu_leptonE,1,1,0
832,Double_t[4],CCQENu_vtx,1,1,0
833,Bool_t,CCQENu_minos_trk_is_contained,1,1,0
834,Bool_t,CCQENu_minos_trk_is_ok,1,1,0
835,Bool_t,CCQENu_minos_used_range,1,1,0
836,Bool_t,CCQENu_minos_used_curvature,1,1,0
837,Int_t,CCQENu_EvtHasNBlobIncTracks,1,1,0
838,Int_t,CCQENu_EvtHasNBlobTracks,1,1,0
839,Int_t,CCQENu_minos_trk_end_plane,1,1,0
840,Int_t,CCQENu_minos_trk_quality,1,1,0
841,Int_t,CCQENu_proton_patternRec,1,1,0
842,Int_t,CCQENu_proton_prongType,1,1,0
843,Int_t,CCQENu_r_minos_trk_vtx_plane,1,1,0
844,Int_t,CCQENu_t_minos_trk_numFSMuons,1,1,0
845,Int_t,CCQENu_t_minos_trk_primFSLeptonPDG,1,1,0
846,Double_t,CCQENu_enu_muon,1,1,0
847,Double_t,CCQENu_enu_proton,1,1,0
848,Double_t,CCQENu_minos_trk_bave,1,1,0
849,Double_t,CCQENu_minos_trk_chi2,1,1,0
850,Double_t,CCQENu_minos_trk_end_u,1,1,0
851,Double_t,CCQENu_minos_trk_end_v,1,1,0
852,Double_t,CCQENu_minos_trk_end_x,1,1,0
853,Double_t,CCQENu_minos_trk_end_y,1,1,0
854,Double_t,CCQENu_minos_trk_end_z,1,1,0
855,Double_t,CCQENu_minos_trk_eqp,1,1,0
856,Double_t,CCQENu_minos_trk_eqp_qp,1,1,0
857,Double_t,CCQENu_minos_trk_fit_pass,1,1,0
858,Double_t,CCQENu_minos_trk_ndf,1,1,0
859,Double_t,CCQENu_minos_trk_p,1,1,0
860,Double_t,CCQENu_minos_trk_p_curvature,1,1,0
861,Double_t,CCQENu_minos_trk_p_range,1,1,0
862,Double_t,CCQENu_minos_trk_qp,1,1,0
863,Double_t,CCQENu_minos_trk_vtx_x,1,1,0
864,Double_t,CCQENu_minos_trk_vtx_y,1,1,0
865,Double_t,CCQENu_minos_trk_vtx_z,1,1,0
866,Double_t,CCQENu_muon_E,1,1,0
867,Double_t,CCQENu_muon_P,1,1,0
868,Double_t,CCQENu_muon_T,1,1,0
869,Double_t,CCQENu_muon_score,1,1,0
870,Double_t,CCQENu_muon_theta,1,1,0
871,Double_t,CCQENu_pion_score,1,1,0
872,Double_t,CCQENu_pion_score1,1,1,0
873,Double_t,CCQENu_pion_score2,1,1,0
874,Double_t,CCQENu_proton_E_BetheBloch_biasDown,1,1,0
875,Double_t,CCQENu_proton_E_BetheBloch_biasUp,1,1,0
876,Double_t,CCQENu_proton_E_Birks_bias,1,1,0
877,Double_t,CCQENu_proton_E_MEU_biasDown,1,1,0
878,Double_t,CCQENu_proton_E_MEU_biasUp,1,1,0
879,Double_t,CCQENu_proton_E_Mass_biasDown,1,1,0
880,Double_t,CCQENu_proton_E_Mass_biasUp,1,1,0
881,Double_t,CCQENu_proton_E_fromdEdx,1,1,0
882,Double_t,CCQENu_proton_P_fromdEdx,1,1,0
883,Double_t,CCQENu_proton_Px_fromdEdx,1,1,0
884,Double_t,CCQENu_proton_Py_fromdEdx,1,1,0
885,Double_t,CCQENu_proton_Pz_fromdEdx,1,1,0
886,Double_t,CCQENu_proton_T_fromdEdx,1,1,0
887,Double_t,CCQENu_proton_calib_energy,1,1,0
888,Double_t,CCQENu_proton_endPointX,1,1,0
889,Double_t,CCQENu_proton_endPointY,1,1,0
890,Double_t,CCQENu_proton_endPointZ,1,1,0
891,Double_t,CCQENu_proton_phi,1,1,0
892,Double_t,CCQENu_proton_score,1,1,0
893,Double_t,CCQENu_proton_score1,1,1,0
894,Double_t,CCQENu_proton_score1_BetheBloch_biasDown,1,1,0
895,Double_t,CCQENu_proton_score1_BetheBloch_biasUp,1,1,0
896,Double_t,CCQENu_proton_score1_Birks_bias,1,1,0
897,Double_t,CCQENu_proton_score1_MEU_biasDown,1,1,0
898,Double_t,CCQENu_proton_score1_MEU_biasUp,1,1,0
899,Double_t,CCQENu_proton_score1_Mass_biasDown,1,1,0
900,Double_t,CCQENu_proton_score1_Mass_biasUp,1,1,0
901,Double_t,CCQENu_proton_score2,1,1,0
902,Double_t,CCQENu_proton_startPointX,1,1,0
903,Double_t,CCQENu_proton_startPointY,1,1,0
904,Double_t,CCQENu_proton_startPointZ,1,1,0
905,Double_t,CCQENu_proton_theta,1,1,0
906,Double_t,CCQENu_proton_thetaX,1,1,0
907,Double_t,CCQENu_proton_thetaY,1,1,0
908,Double_t,CCQENu_proton_theta_fromdEdx,1,1,0
909,Double_t,CCQENu_r_minos_trk_bdL,1,1,0
910,Double_t,CCQENu_r_minos_trk_end_dcosx,1,1,0
911,Double_t,CCQENu_r_minos_trk_end_dcosy,1,1,0
912,Double_t,CCQENu_r_minos_trk_end_dcosz,1,1,0
913,Double_t,CCQENu_r_minos_trk_vtx_dcosx,1,1,0
914,Double_t,CCQENu_r_minos_trk_vtx_dcosy,1,1,0
915,Double_t,CCQENu_r_minos_trk_vtx_dcosz,1,1,0
916,Double_t,CCQENu_t_minos_trk_primFSLepMinosInitProjPx,1,1,0
917,Double_t,CCQENu_t_minos_trk_primFSLepMinosInitProjPy,1,1,0
918,Double_t,CCQENu_t_minos_trk_primFSLepMinosInitProjPz,1,1,0
919,Double_t,CCQENu_t_minos_trk_primFSLepMinosInitProjX,1,1,0
920,Double_t,CCQENu_t_minos_trk_primFSLepMinosInitProjY,1,1,0
921,Double_t,CCQENu_t_minos_trk_primFSLepMinosInitProjZ,1,1,0
922,Double_t,CCQENu_t_minos_trk_primFSLepMnvFinalPx,1,1,0
923,Double_t,CCQENu_t_minos_trk_primFSLepMnvFinalPy,1,1,0
924,Double_t,CCQENu_t_minos_trk_primFSLepMnvFinalPz,1,1,0
925,Double_t,CCQENu_t_minos_trk_primFSLepMnvFinalX,1,1,0
926,Double_t,CCQENu_t_minos_trk_primFSLepMnvFinalY,1,1,0
927,Double_t,CCQENu_t_minos_trk_primFSLepMnvFinalZ,1,1,0
928,Double_t,CCQENu_t_minos_trk_primFSLepMnvInitPx,1,1,0
929,Double_t,CCQENu_t_minos_trk_primFSLepMnvInitPy,1,1,0
930,Double_t,CCQENu_t_minos_trk_primFSLepMnvInitPz,1,1,0
931,Double_t,CCQENu_t_minos_trk_primFSLepMnvInitX,1,1,0
932,Double_t,CCQENu_t_minos_trk_primFSLepMnvInitY,1,1,0
933,Double_t,CCQENu_t_minos_trk_primFSLepMnvInitZ,1,1,0
934,Int_t,CCQENu_Blob2DMuonDRho_order_sz,1,1,0
935,Int_t,CCQENu_Blob2DMuonDRho_order,1,1,0
936,Int_t,CCQENu_Blob2DMuonDTheta_order_sz,1,1,0
937,Int_t,CCQENu_Blob2DMuonDTheta_order,1,1,0
938,Int_t,CCQENu_Blob2DPartDRho_order_sz,1,1,0
939,Int_t,CCQENu_Blob2DPartDRho_order,1,1,0
940,Int_t,CCQENu_Blob2DPartDTheta_order_sz,1,1,0
941,Int_t,CCQENu_Blob2DPartDTheta_order,1,1,0
942,Int_t,CCQENu_Blob2DView_sz,1,1,0
943,Int_t,CCQENu_Blob2DView,1,1,0
944,Int_t,CCQENu_BlobAvgE_order_sz,1,1,0
945,Int_t,CCQENu_BlobAvgE_order,1,1,0
946,Int_t,CCQENu_BlobClusID_sz,1,1,0
947,Int_t,CCQENu_BlobClusID,1,1,0
948,Int_t,CCQENu_BlobClusterMaxE_order_sz,1,1,0
949,Int_t,CCQENu_BlobClusterMaxE_order,1,1,0
950,Int_t,CCQENu_BlobID_sz,1,1,0
951,Int_t,CCQENu_BlobID,1,1,0
952,Int_t,CCQENu_BlobIs3D_sz,1,1,0
953,Int_t,CCQENu_BlobIs3D,1,1,0
954,Int_t,CCQENu_BlobIsFiducial_sz,1,1,0
955,Int_t,CCQENu_BlobIsFiducial,1,1,0
956,Int_t,CCQENu_BlobMCPID_sz,1,1,0
957,Int_t,CCQENu_BlobMCPID,1,1,0
958,Int_t,CCQENu_BlobMCParentTrackID_sz,1,1,0
959,Int_t,CCQENu_BlobMCParentTrackID,1,1,0
960,Int_t,CCQENu_BlobMCTrackID_sz,1,1,0
961,Int_t,CCQENu_BlobMCTrackID,1,1,0
962,Int_t,CCQENu_BlobMuonDRho_order_sz,1,1,0
963,Int_t,CCQENu_BlobMuonDRho_order,1,1,0
964,Int_t,CCQENu_BlobMuonDTheta_order_sz,1,1,0
965,Int_t,CCQENu_BlobMuonDTheta_order,1,1,0
966,Int_t,CCQENu_BlobNClusters_sz,1,1,0
967,Int_t,CCQENu_BlobNClusters,1,1,0
968,Int_t,CCQENu_BlobNHeavyIonizingClusters_sz,1,1,0
969,Int_t,CCQENu_BlobNHeavyIonizingClusters,1,1,0
970,Int_t,CCQENu_BlobNTracks_sz,1,1,0
971,Int_t,CCQENu_BlobNTracks,1,1,0
972,Int_t,CCQENu_BlobPIDPerCluster_sz,1,1,0
973,Int_t,CCQENu_BlobPIDPerCluster,1,1,0
974,Int_t,CCQENu_BlobTopMCPID_sz,1,1,0
975,Int_t,CCQENu_BlobTopMCPID,1,1,0
976,Int_t,CCQENu_BlobTotalE_order_sz,1,1,0
977,Int_t,CCQENu_BlobTotalE_order,1,1,0
978,Int_t,CCQENu_BlobTrackNClus_sz,1,1,0
979,Int_t,CCQENu_BlobTrackNClus,1,1,0
980,Int_t,CCQENu_BlobTrackNNode_sz,1,1,0
981,Int_t,CCQENu_BlobTrackNNode,1,1,0
982,Int_t,CCQENu_BlobViewPerCluster_sz,1,1,0
983,Int_t,CCQENu_BlobViewPerCluster,1,1,0
984,Int_t,CCQENu_BlobVtxDR_order_sz,1,1,0
985,Int_t,CCQENu_BlobVtxDR_order,1,1,0
986,Int_t,CCQENu_BlobVtxDZ_order_sz,1,1,0
987,Int_t,CCQENu_BlobVtxDZ_order,1,1,0
988,Int_t,CCQENu_RecoPattern_sz,1,1,0
989,Int_t,CCQENu_RecoPattern,1,1,0
990,Int_t,CCQENu_sec_protons_nodes_index_sz,1,1,0
991,Int_t,CCQENu_sec_protons_nodes_index,1,1,0
992,Int_t,CCQENu_sec_protons_patternRec_sz,1,1,0
993,Int_t,CCQENu_sec_protons_patternRec,1,1,0
994,Int_t,CCQENu_sec_protons_prongType_sz,1,1,0
995,Int_t,CCQENu_sec_protons_prongType,1,1,0
996,Int_t,CCQENu_Blob2DBeamDTPos_sz,1,1,0
997,Double_t,CCQENu_Blob2DBeamDTPos,1,1,0
998,Int_t,CCQENu_Blob2DBeamDZ_sz,1,1,0
999,Double_t,CCQENu_Blob2DBeamDZ,1,1,0
1000,Int_t,CCQENu_Blob2DMuonDRho_sz,1,1,0
1001,Double_t,CCQENu_Blob2DMuonDRho,1,1,0
1002,Int_t,CCQENu_Blob2DMuonDTheta_sz,1,1,0
1003,Double_t,CCQENu_Blob2DMuonDTheta,1,1,0
1004,Int_t,CCQENu_Blob2DPartDRho_sz,1,1,0
1005,Double_t,CCQENu_Blob2DPartDRho,1,1,0
1006,Int_t,CCQENu_Blob2DPartDTheta_sz,1,1,0
1007,Double_t,CCQENu_Blob2DPartDTheta,1,1,0
1008,Int_t,CCQENu_Blob2DPartDZ_sz,1,1,0
1009,Double_t,CCQENu_Blob2DPartDZ,1,1,0
1010,Int_t,CCQENu_Blob2DVtxDR_sz,1,1,0
1011,Double_t,CCQENu_Blob2DVtxDR,1,1,0
1012,Int_t,CCQENu_Blob2DVtxDTPos_sz,1,1,0
1013,Double_t,CCQENu_Blob2DVtxDTPos,1,1,0
1014,Int_t,CCQENu_Blob2DVtxDZ_sz,1,1,0
1015,Double_t,CCQENu_Blob2DVtxDZ,1,1,0
1016,Int_t,CCQENu_BlobAvgE_sz,1,1,0
1017,Double_t,CCQENu_BlobAvgE,1,1,0
1018,Int_t,CCQENu_BlobBeamDZ_sz,1,1,0
1019,Double_t,CCQENu_BlobBeamDZ,1,1,0
1020,Int_t,CCQENu_BlobBegT_sz,1,1,0
1021,Double_t,CCQENu_BlobBegT,1,1,0
1022,Int_t,CCQENu_BlobBegX_sz,1,1,0
1023,Double_t,CCQENu_BlobBegX,1,1,0
1024,Int_t,CCQENu_BlobBegY_sz,1,1,0
1025,Double_t,CCQENu_BlobBegY,1,1,0
1026,Int_t,CCQENu_BlobBegZ_sz,1,1,0
1027,Double_t,CCQENu_BlobBegZ,1,1,0
1028,Int_t,CCQENu_BlobClusterMaxE_sz,1,1,0
1029,Double_t,CCQENu_BlobClusterMaxE,1,1,0
1030,Int_t,CCQENu_BlobClusterMinE_sz,1,1,0
1031,Double_t,CCQENu_BlobClusterMinE,1,1,0
1032,Int_t,CCQENu_BlobCoplanarityAngle_sz,1,1,0
1033,Double_t,CCQENu_BlobCoplanarityAngle,1,1,0
1034,Int_t,CCQENu_BlobEndT_sz,1,1,0
1035,Double_t,CCQENu_BlobEndT,1,1,0
1036,Int_t,CCQENu_BlobEndX_sz,1,1,0
1037,Double_t,CCQENu_BlobEndX,1,1,0
1038,Int_t,CCQENu_BlobEndY_sz,1,1,0
1039,Double_t,CCQENu_BlobEndY,1,1,0
1040,Int_t,CCQENu_BlobEndZ_sz,1,1,0
1041,Double_t,CCQENu_BlobEndZ,1,1,0
1042,Int_t,CCQENu_BlobEnergyPerCluster_sz,1,1,0
1043,Double_t,CCQENu_BlobEnergyPerCluster,1,1,0
1044,Int_t,CCQENu_BlobMCTrackE_sz,1,1,0
1045,Double_t,CCQENu_BlobMCTrackE,1,1,0
1046,Int_t,CCQENu_BlobMCTrackPx_sz,1,1,0
1047,Double_t,CCQENu_BlobMCTrackPx,1,1,0
1048,Int_t,CCQENu_BlobMCTrackPy_sz,1,1,0
1049,Double_t,CCQENu_BlobMCTrackPy,1,1,0
1050,Int_t,CCQENu_BlobMCTrackPz_sz,1,1,0
1051,Double_t,CCQENu_BlobMCTrackPz,1,1,0
1052,Int_t,CCQENu_BlobMCTrackT_sz,1,1,0
1053,Double_t,CCQENu_BlobMCTrackT,1,1,0
1054,Int_t,CCQENu_BlobMCTrackX_sz,1,1,0
1055,Double_t,CCQENu_BlobMCTrackX,1,1,0
1056,Int_t,CCQENu_BlobMCTrackY_sz,1,1,0
1057,Double_t,CCQENu_BlobMCTrackY,1,1,0
1058,Int_t,CCQENu_BlobMCTrackZ_sz,1,1,0
1059,Double_t,CCQENu_BlobMCTrackZ,1,1,0
1060,Int_t,CCQENu_BlobMuonDRho_sz,1,1,0
1061,Double_t,CCQENu_BlobMuonDRho,1,1,0
1062,Int_t,CCQENu_BlobMuonDTheta_sz,1,1,0
1063,Double_t,CCQENu_BlobMuonDTheta,1,1,0
1064,Int_t,CCQENu_BlobReactionPlaneAngle_sz,1,1,0
1065,Double_t,CCQENu_BlobReactionPlaneAngle,1,1,0
1066,Int_t,CCQENu_BlobT_sz,1,1,0
1067,Double_t,CCQENu_BlobT,1,1,0
1068,Int_t,CCQENu_BlobTPos_sz,1,1,0
1069,Double_t,CCQENu_BlobTPos,1,1,0
1070,Int_t,CCQENu_BlobTPosPerCluster_sz,1,1,0
1071,Double_t,CCQENu_BlobTPosPerCluster,1,1,0
1072,Int_t,CCQENu_BlobTimePerCluster_sz,1,1,0
1073,Double_t,CCQENu_BlobTimePerCluster,1,1,0
1074,Int_t,CCQENu_BlobTotalE_sz,1,1,0
1075,Double_t,CCQENu_BlobTotalE,1,1,0
1076,Int_t,CCQENu_BlobTrackAx_sz,1,1,0
1077,Double_t,CCQENu_BlobTrackAx,1,1,0
1078,Int_t,CCQENu_BlobTrackAy_sz,1,1,0
1079,Double_t,CCQENu_BlobTrackAy,1,1,0
1080,Int_t,CCQENu_BlobTrackE_sz,1,1,0
1081,Double_t,CCQENu_BlobTrackE,1,1,0
1082,Int_t,CCQENu_BlobTrackL_sz,1,1,0
1083,Double_t,CCQENu_BlobTrackL,1,1,0
1084,Int_t,CCQENu_BlobTrackLLRPion_sz,1,1,0
1085,Double_t,CCQENu_BlobTrackLLRPion,1,1,0
1086,Int_t,CCQENu_BlobTrackLLRProton_sz,1,1,0
1087,Double_t,CCQENu_BlobTrackLLRProton,1,1,0
1088,Int_t,CCQENu_BlobTrackNodeEnergy_sz,1,1,0
1089,Double_t,CCQENu_BlobTrackNodeEnergy,1,1,0
1090,Int_t,CCQENu_BlobTrackT_sz,1,1,0
1091,Double_t,CCQENu_BlobTrackT,1,1,0
1092,Int_t,CCQENu_BlobTrackX_sz,1,1,0
1093,Double_t,CCQENu_BlobTrackX,1,1,0
1094,Int_t,CCQENu_BlobTrackY_sz,1,1,0
1095,Double_t,CCQENu_BlobTrackY,1,1,0
1096,Int_t,CCQENu_BlobTrackZ_sz,1,1,0
1097,Double_t,CCQENu_BlobTrackZ,1,1,0
1098,Int_t,CCQENu_BlobTrackdEdXElectron_sz,1,1,0
1099,Double_t,CCQENu_BlobTrackdEdXElectron,1,1,0
1100,Int_t,CCQENu_BlobTrackdEdXElectronE_sz,1,1,0
1101,Double_t,CCQENu_BlobTrackdEdXElectronE,1,1,0
1102,Int_t,CCQENu_BlobTrackdEdXElectronPx_sz,1,1,0
1103,Double_t,CCQENu_BlobTrackdEdXElectronPx,1,1,0
1104,Int_t,CCQENu_BlobTrackdEdXElectronPy_sz,1,1,0
1105,Double_t,CCQENu_BlobTrackdEdXElectronPy,1,1,0
1106,Int_t,CCQENu_BlobTrackdEdXElectronPz_sz,1,1,0
1107,Double_t,CCQENu_BlobTrackdEdXElectronPz,1,1,0
1108,Int_t,CCQENu_BlobTrackdEdXPion_sz,1,1,0
1109,Double_t,CCQENu_BlobTrackdEdXPion,1,1,0
1110,Int_t,CCQENu_BlobTrackdEdXPionE_sz,1,1,0
1111,Double_t,CCQENu_BlobTrackdEdXPionE,1,1,0
1112,Int_t,CCQENu_BlobTrackdEdXPionPx_sz,1,1,0
1113,Double_t,CCQENu_BlobTrackdEdXPionPx,1,1,0
1114,Int_t,CCQENu_BlobTrackdEdXPionPy_sz,1,1,0
1115,Double_t,CCQENu_BlobTrackdEdXPionPy,1,1,0
1116,Int_t,CCQENu_BlobTrackdEdXPionPz_sz,1,1,0
1117,Double_t,CCQENu_BlobTrackdEdXPionPz,1,1,0
1118,Int_t,CCQENu_BlobTrackdEdXProton_sz,1,1,0
1119,Double_t,CCQENu_BlobTrackdEdXProton,1,1,0
1120,Int_t,CCQENu_BlobTrackdEdXProtonE_sz,1,1,0
1121,Double_t,CCQENu_BlobTrackdEdXProtonE,1,1,0
1122,Int_t,CCQENu_BlobTrackdEdXProtonPx_sz,1,1,0
1123,Double_t,CCQENu_BlobTrackdEdXProtonPx,1,1,0
1124,Int_t,CCQENu_BlobTrackdEdXProtonPy_sz,1,1,0
1125,Double_t,CCQENu_BlobTrackdEdXProtonPy,1,1,0
1126,Int_t,CCQENu_BlobTrackdEdXProtonPz_sz,1,1,0
1127,Double_t,CCQENu_BlobTrackdEdXProtonPz,1,1,0
1128,Int_t,CCQENu_BlobVtxDR_sz,1,1,0
1129,Double_t,CCQENu_BlobVtxDR,1,1,0
1130,Int_t,CCQENu_BlobVtxDTPos_sz,1,1,0
1131,Double_t,CCQENu_BlobVtxDTPos,1,1,0
1132,Int_t,CCQENu_BlobVtxDZ_sz,1,1,0
1133,Double_t,CCQENu_BlobVtxDZ,1,1,0
1134,Int_t,CCQENu_BlobX_sz,1,1,0
1135,Double_t,CCQENu_BlobX,1,1,0
1136,Int_t,CCQENu_BlobY_sz,1,1,0
1137,Double_t,CCQENu_BlobY,1,1,0
1138,Int_t,CCQENu_BlobZ_sz,1,1,0
1139,Double_t,CCQENu_BlobZ,1,1,0
1140,Int_t,CCQENu_BlobZPerCluster_sz,1,1,0
1141,Double_t,CCQENu_BlobZPerCluster,1,1,0
1142,Int_t,CCQENu_HadronE_sz,1,1,0
1143,Double_t,CCQENu_HadronE,1,1,0
1144,Int_t,CCQENu_MCEnergyFrac_Election_sz,1,1,0
1145,Double_t,CCQENu_MCEnergyFrac_Election,1,1,0
1146,Int_t,CCQENu_MCEnergyFrac_Muon_sz,1,1,0
1147,Double_t,CCQENu_MCEnergyFrac_Muon,1,1,0
1148,Int_t,CCQENu_MCEnergyFrac_Neutron_sz,1,1,0
1149,Double_t,CCQENu_MCEnergyFrac_Neutron,1,1,0
1150,Int_t,CCQENu_MCEnergyFrac_NonParticle_sz,1,1,0
1151,Double_t,CCQENu_MCEnergyFrac_NonParticle,1,1,0
1152,Int_t,CCQENu_MCEnergyFrac_Others_sz,1,1,0
1153,Double_t,CCQENu_MCEnergyFrac_Others,1,1,0
1154,Int_t,CCQENu_MCEnergyFrac_Photon_sz,1,1,0
1155,Double_t,CCQENu_MCEnergyFrac_Photon,1,1,0
1156,Int_t,CCQENu_MCEnergyFrac_Pi0_sz,1,1,0
1157,Double_t,CCQENu_MCEnergyFrac_Pi0,1,1,0
1158,Int_t,CCQENu_MCEnergyFrac_PiMinus_sz,1,1,0
1159,Double_t,CCQENu_MCEnergyFrac_PiMinus,1,1,0
1160,Int_t,CCQENu_MCEnergyFrac_PiPlus_sz,1,1,0
1161,Double_t,CCQENu_MCEnergyFrac_PiPlus,1,1,0
1162,Int_t,CCQENu_MCEnergyFrac_Proton_sz,1,1,0
1163,Double_t,CCQENu_MCEnergyFrac_Proton,1,1,0
1164,Int_t,CCQENu_ReconstructedHadronMass_sz,1,1,0
1165,Double_t,CCQENu_ReconstructedHadronMass,1,1,0
1166,Int_t,CCQENu_proton_nodes_E_sz,1,1,0
1167,Double_t,CCQENu_proton_nodes_E,1,1,0
1168,Int_t,CCQENu_proton_nodes_nodesNormE_sz,1,1,0
1169,Double_t,CCQENu_proton_nodes_nodesNormE,1,1,0
1170,Int_t,CCQENu_sec_protons_E_BetheBloch_biasDown_sz,1,1,0
1171,Double_t,CCQENu_sec_protons_E_BetheBloch_biasDown,1,1,0
1172,Int_t,CCQENu_sec_protons_E_BetheBloch_biasUp_sz,1,1,0
1173,Double_t,CCQENu_sec_protons_E_BetheBloch_biasUp,1,1,0
1174,Int_t,CCQENu_sec_protons_E_Birks_bias_sz,1,1,0
1175,Double_t,CCQENu_sec_protons_E_Birks_bias,1,1,0
1176,Int_t,CCQENu_sec_protons_E_MEU_biasDown_sz,1,1,0
1177,Double_t,CCQENu_sec_protons_E_MEU_biasDown,1,1,0
1178,Int_t,CCQENu_sec_protons_E_MEU_biasUp_sz,1,1,0
1179,Double_t,CCQENu_sec_protons_E_MEU_biasUp,1,1,0
1180,Int_t,CCQENu_sec_protons_E_Mass_biasDown_sz,1,1,0
1181,Double_t,CCQENu_sec_protons_E_Mass_biasDown,1,1,0
1182,Int_t,CCQENu_sec_protons_E_Mass_biasUp_sz,1,1,0
1183,Double_t,CCQENu_sec_protons_E_Mass_biasUp,1,1,0
1184,Int_t,CCQENu_sec_protons_E_fromdEdx_sz,1,1,0
1185,Double_t,CCQENu_sec_protons_E_fromdEdx,1,1,0
1186,Int_t,CCQENu_sec_protons_P_fromdEdx_sz,1,1,0
1187,Double_t,CCQENu_sec_protons_P_fromdEdx,1,1,0
1188,Int_t,CCQENu_sec_protons_Px_fromdEdx_sz,1,1,0
1189,Double_t,CCQENu_sec_protons_Px_fromdEdx,1,1,0
1190,Int_t,CCQENu_sec_protons_Py_fromdEdx_sz,1,1,0
1191,Double_t,CCQENu_sec_protons_Py_fromdEdx,1,1,0
1192,Int_t,CCQENu_sec_protons_Pz_fromdEdx_sz,1,1,0
1193,Double_t,CCQENu_sec_protons_Pz_fromdEdx,1,1,0
1194,Int_t,CCQENu_sec_protons_T_fromCalo_sz,1,1,0
1195,Double_t,CCQENu_sec_protons_T_fromCalo,1,1,0
1196,Int_t,CCQENu_sec_protons_T_fromdEdx_sz,1,1,0
1197,Double_t,CCQENu_sec_protons_T_fromdEdx,1,1,0
1198,Int_t,CCQENu_sec_protons_endPointX_sz,1,1,0
1199,Double_t,CCQENu_sec_protons_endPointX,1,1,0
1200,Int_t,CCQENu_sec_protons_endPointY_sz,1,1,0
1201,Double_t,CCQENu_sec_protons_endPointY,1,1,0
1202,Int_t,CCQENu_sec_protons_endPointZ_sz,1,1,0
1203,Double_t,CCQENu_sec_protons_endPointZ,1,1,0
1204,Int_t,CCQENu_sec_protons_nodes_E_sz,1,1,0
1205,Double_t,CCQENu_sec_protons_nodes_E,1,1,0
1206,Int_t,CCQENu_sec_protons_nodes_nodesNormE_sz,1,1,0
1207,Double_t,CCQENu_sec_protons_nodes_nodesNormE,1,1,0
1208,Int_t,CCQENu_sec_protons_phi_sz,1,1,0
1209,Double_t,CCQENu_sec_protons_phi,1,1,0
1210,Int_t,CCQENu_sec_protons_pion_scores_sz,1,1,0
1211,Double_t,CCQENu_sec_protons_pion_scores,1,1,0
1212,Int_t,CCQENu_sec_protons_pion_scores1_sz,1,1,0
1213,Double_t,CCQENu_sec_protons_pion_scores1,1,1,0
1214,Int_t,CCQENu_sec_protons_pion_scores2_sz,1,1,0
1215,Double_t,CCQENu_sec_protons_pion_scores2,1,1,0
1216,Int_t,CCQENu_sec_protons_proton_scores_sz,1,1,0
1217,Double_t,CCQENu_sec_protons_proton_scores,1,1,0
1218,Int_t,CCQENu_sec_protons_proton_scores1_sz,1,1,0
1219,Double_t,CCQENu_sec_protons_proton_scores1,1,1,0
1220,Int_t,CCQENu_sec_protons_proton_scores2_sz,1,1,0
1221,Double_t,CCQENu_sec_protons_proton_scores2,1,1,0
1222,Int_t,CCQENu_sec_protons_score1_BetheBloch_biasDown_sz,1,1,0
1223,Double_t,CCQENu_sec_protons_score1_BetheBloch_biasDown,1,1,0
1224,Int_t,CCQENu_sec_protons_score1_BetheBloch_biasUp_sz,1,1,0
1225,Double_t,CCQENu_sec_protons_score1_BetheBloch_biasUp,1,1,0
1226,Int_t,CCQENu_sec_protons_score1_Birks_bias_sz,1,1,0
1227,Double_t,CCQENu_sec_protons_score1_Birks_bias,1,1,0
1228,Int_t,CCQENu_sec_protons_score1_MEU_biasDown_sz,1,1,0
1229,Double_t,CCQENu_sec_protons_score1_MEU_biasDown,1,1,0
1230,Int_t,CCQENu_sec_protons_score1_MEU_biasUp_sz,1,1,0
1231,Double_t,CCQENu_sec_protons_score1_MEU_biasUp,1,1,0
1232,Int_t,CCQENu_sec_protons_score1_Mass_biasDown_sz,1,1,0
1233,Double_t,CCQENu_sec_protons_score1_Mass_biasDown,1,1,0
1234,Int_t,CCQENu_sec_protons_score1_Mass_biasUp_sz,1,1,0
1235,Double_t,CCQENu_sec_protons_score1_Mass_biasUp,1,1,0
1236,Int_t,CCQENu_sec_protons_startPointX_sz,1,1,0
1237,Double_t,CCQENu_sec_protons_startPointX,1,1,0
1238,Int_t,CCQENu_sec_protons_startPointY_sz,1,1,0
1239,Double_t,CCQENu_sec_protons_startPointY,1,1,0
1240,Int_t,CCQENu_sec_protons_startPointZ_sz,1,1,0
1241,Double_t,CCQENu_sec_protons_startPointZ,1,1,0
1242,Int_t,CCQENu_sec_protons_theta_sz,1,1,0
1243,Double_t,CCQENu_sec_protons_theta,1,1,0
1244,Int_t,CCQENu_sec_protons_thetaX_sz,1,1,0
1245,Double_t,CCQENu_sec_protons_thetaX,1,1,0
1246,Int_t,CCQENu_sec_protons_thetaY_sz,1,1,0
1247,Double_t,CCQENu_sec_protons_thetaY,1,1,0
1248,Int_t,CCQENu_sec_protons_theta_fromdEdx_sz,1,1,0
1249,Double_t,CCQENu_sec_protons_theta_fromdEdx,1,1,0
1250,Double_t[2],CCQENu_sys_muon_curve_energy_shift,1,1,0
1251,Double_t[2],CCQENu_sys_muon_energy_shift,1,1,0
1252,Double_t[2],CCQENu_sys_muon_minerva_energy_shift,1,1,0
1253,Double_t[2],CCQENu_sys_muon_qSquared_shift,1,1,0
1254,Double_t[2],CCQENu_sys_muon_range_energy_shift,1,1,0
1255,Double_t[2],CCQENu_sys_muon_wSquared_shift,1,1,0
1256,Double_t[2],CCQENu_sys_muon_xbj_shift,1,1,0
1257,Double_t[2],CCQENu_sys_muon_y_shift,1,1,0
1258,Double_t[2],CCQENu_sys_nu_energy_shift,1,1,0
1259,Double_t[2],CCQENu_sys_recoil_energy_shift,1,1,0
1260,Double_t[2],CCQENu_sys_recoil_qSquared_shift,1,1,0
1261,Double_t[2],CCQENu_sys_recoil_wSquared_shift,1,1,0
1262,Double_t[2],CCQENu_sys_recoil_xbj_shift,1,1,0
1263,Double_t[2],CCQENu_sys_recoil_y_shift,1,1,0
1264,Double_t[2],CCQENu_sys_total_qSquared_shift,1,1,0
1265,Double_t[2],CCQENu_sys_total_wSquared_shift,1,1,0
1266,Double_t[2],CCQENu_sys_total_xbj_shift,1,1,0
1267,Double_t[2],CCQENu_sys_total_y_shift,1,1,0
1268,Int_t,ev_run,1,1,1
1269,Int_t,ev_subrun,1,1,1
1270,Int_t,ev_detector,1,1,1
1271,Int_t,ev_triggerType,1,1,1
1272,Int_t,ev_gate,1,1,1
1273,Int_t,ev_global_gate,1,1,1
1274,Int_t,ev_gps_time_sec,1,1,1
1275,Int_t,ev_gps_time_usec,1,1,1
1276,Double_t,numi_x_pos,1,1,1
1277,Double_t,numi_y_pos,1,1,1
1278,Int_t,batch_structure,1,1,1
1279,Int_t,numi_minos_time_sec,1,1,1
1280,Int_t,numi_minos_time_nsec,1,1,1
1281,Int_t,numi_database_sec,1,1,1
1282,Int_t,numi_database_nsec,1,1,1
1283,Int_t,numi_is_good_beam_spill,1,1,1
1284,Int_t,numi_is_bad_pot_data_spill,1,1,1
1285,Int_t,numi_is_no_beam_spill,1,1,1
1286,Int_t,numi_is_bad_data_spill,1,1,1
1287,Int_t,numi_is_bad_profile_x_width_data,1,1,1
1288,Int_t,numi_is_bad_profile_y_width_data,1,1,1
1289,Int_t,numi_is_bad_x_position_data,1,1,1
1290,Int_t,numi_is_bad_y_position_data,1,1,1
1291,Int_t,numi_is_bad_horn_curr_data,1,1,1
1292,Int_t,numi_is_bad_nearest_time_spill,1,1,1
1293,Int_t,numi_is_bad_beam_spill,1,1,1
1294,Int_t,numi_is_bad_pot_spill,1,1,1
1295,Int_t,numi_is_bad_x_pos,1,1,1
1296,Int_t,numi_is_bad_y_pos,1,1,1
1297,Int_t,numi_is_bad_beam_size,1,1,1
1298,Int_t,numi_is_bad_profile_width_x,1,1,1
1299,Int_t,numi_is_bad_profile_width_y,1,1,1
1300,Int_t,numi_is_bad_horn_curr,1,1,1
1301,Int_t,numi_is_target_out_spill,1,1,1
1302,Int_t,numi_is_bad_beam_type_spill,1,1,1
1303,Int_t,numi_is_bad_beam_frac_on_tgt_spill,1,1,1
1304,Int_t,numi_is_good_position,1,1,1
1305,Int_t,numi_is_good_width,1,1,1
1306,Int_t,numi_is_good_toroids,1,1,1
1307,Int_t,numi_is_good_delta_t,1,1,1
1308,Int_t,numi_is_good_horn,1,1,1
1309,Double_t,numi_time_to_nearest,1,1,1
1310,Int_t,mc_run,0,1,1
1311,Int_t,mc_subrun,0,1,1
1312,Int_t,mc_nInteractions,0,1,1
1313,Int_t,mc_MIState,0,1,1
1314,Double_t,mc_pot,0,1,1
1315,Int_t,mc_beamConfig,0,1,1
1316,Int_t,mc_processType,0,1,1
1317,Int_t,mc_nthEvtInSpill,0,1,1
1318,Int_t,mc_nthEvtInFile,0,1,1
1319,Int_t,mc_intType,0,1,1
1320,Int_t,mc_current,0,1,1
1321,Int_t,mc_charm,0,1,1
1322,Double_t,mc_weight,0,1,1
1323,Double_t,mc_XSec,0,1,1
1324,Double_t,mc_diffXSec,0,1,1
1325,Int_t,mc_incoming,0,1,1
1326,Double_t,mc_fluxDriverProb,0,1,1
1327,Int_t,mc_targetNucleus,0,1,1
1328,Int_t,mc_targetZ,0,1,1
1329,Int_t,mc_targetA,0,1,1
1330,Int_t,mc_targetNucleon,0,1,1
1331,Int_t,mc_struckQuark,0,1,1
1332,Int_t,mc_seaQuark,0,1,1
1333,Int_t,mc_resID,0,1,1
1334,Int_t,mc_primaryLepton,0,1,1
1335,Double_t,mc_incomingE,0,1,1
1336,Double_t,mc_Bjorkenx,0,1,1
1337,Double_t,mc_Bjorkeny,0,1,1
1338,Double_t,mc_Q2,0,1,1
1339,Double_t,mc_nuT,0,1,1
1340,Double_t,mc_w,0,1,1
1341,Double_t[4],mc_vtx,0,1,1
1342,Double_t[4],mc_incomingPartVec,0,1,1
1343,Double_t[4],mc_initNucVec,0,1,1
1344,Double_t[4],mc_primFSLepton,0,1,1
1345,Int_t,mc_nFSPart,0,1,1
1346,Double_t,mc_FSPartPx,0,1,1
1347,Double_t,mc_FSPartPy,0,1,1
1348,Double_t,mc_FSPartPz,0,1,1
1349,Double_t,mc_FSPartE,0,1,1
1350,Int_t,mc_FSPartPDG,0,1,1
1351,Int_t,mc_er_nPart,0,1,1
1352,Int_t,mc_er_ID,0,1,1
1353,Int_t,mc_er_status,0,1,1
1354,Double_t,mc_er_posInNucX,0,1,1
1355,Double_t,mc_er_posInNucY,0,1,1
1356,Double_t,mc_er_posInNucZ,0,1,1
1357,Double_t,mc_er_Px,0,1,1
1358,Double_t,mc_er_Py,0,1,1
1359,Double_t,mc_er_Pz,0,1,1
1360,Double_t,mc_er_E,0,1,1
1361,Int_t,mc_er_FD,0,1,1
1362,Int_t,mc_er_LD,0,1,1
1363,Int_t,mc_er_mother,0,1,1
1364,Int_t,mc_fr_nNuAncestorIDs,0,1,1
1365,Int_t,mc_fr_nuAncestorIDs,0,1,1
1366,Int_t,mc_fr_nuParentID,0,1,1
1367,Int_t,mc_fr_decMode,0,1,1
1368,Double_t[3],mc_fr_primProtonVtx,0,1,1
1369,Double_t[4],mc_fr_primProtonP,0,1,1
1370,Double_t[3],mc_fr_nuParentDecVtx,0,1,1
1371,Double_t[3],mc_fr_nuParentProdVtx,0,1,1
1372,Double_t[4],mc_fr_nuParentProdP,0,1,1
1373,Double_t,mc_cvweight_total,0,1,1
1374,Double_t,wgt,0,1,1
1375,Double_t,mc_cvweight_totalFlux,0,1,1
1376,Double_t,mc_cvweight_totalXsec,0,1,1
1377,Double_t,mc_ppfx1_cvweight,0,1,1
1378,Double_t,mc_hornCurrent_cvweight,0,1,1
1379,Double_t,mc_lebrun_cv_wgt,0,1,1
1380,Double_t,mc_horntilt_cv_wgt,0,1,1
1381,Double_t,mc_beamspot_cv_wgt,0,1,1
1382,Double_t,mc_gen1_cvweight_total,0,1,1
1383,Double_t,gen1_wgt,0,1,1
1384,Double_t,mc_gen1_cvweight_totalFlux,0,1,1
1385,Double_t,mc_gen1_cvweight_NA49,0,1,1
1386,Int_t,mc_wgt_Flux_BeamFocus_sz,0,1,1
1387,Double_t,mc_wgt_Flux_BeamFocus,0,1,1
1388,Int_t,mc_wgt_gen1_Flux_Tertiary_sz,0,1,1
1389,Double_t,mc_wgt_gen1_Flux_Tertiary,0,1,1
1390,Int_t,mc_wgt_gen1_Flux_NA49_sz,0,1,1
1391,Double_t,mc_wgt_gen1_Flux_NA49,0,1,1
1392,Int_t,mc_wgt_Norm_sz,0,1,1
1393,Double_t,mc_wgt_Norm,0,1,1
1394,Int_t,mc_wgt_ppfx1_Total_sz,0,1,1
1395,Double_t,mc_wgt_ppfx1_Total,0,1,1
1396,Int_t,mc_vertex_batch,0,1,1
1397,Int_t,n_prongs,1,1,0
1398,Int_t,prong_nParticles,1,1,0
1399,Double_t,prong_part_score,1,1,0
1400,Double_t,prong_part_mass,1,1,0
1401,Int_t,prong_part_charge,1,1,0
1402,Int_t,prong_part_pid,1,1,0
1403,vector<vector<double> >,prong_part_E,1,1,0
1404,vector<vector<double> >,prong_part_pos,1,1,0
1405,Double_t,POT_Used,0,0,0
1406,Double_t,POT_Total,0,0,0
1407,Double_t,Total_Reco_Entries,0,0,0
1408,Double_t,Total_Truth_Entries,0,0,0
